url,views,upvote_ratio,shares,current_score
/r/Shortsqueeze/comments/y05rst/mmtlp_submitted_for_your_approval_the_tale_of_the/,81200,97%,995,535
/r/Shortsqueeze/comments/y32n4m/a_new_stock_is_rising_revlonrev/,177000,84%,175,397
/r/Shortsqueeze/comments/yif2u0/70k_gme_yolo_now_past_25000_shares/,43100,94%,34,379
/r/Shortsqueeze/comments/yf9962/gme_with_the_highest_short_interest_since_jan_28/,27200,94%,31,368
/r/Shortsqueeze/comments/yfss3p/gme_could_go_parabolic_you_say/,79800,92%,111,359
/r/Shortsqueeze/comments/yf3odr/another_gme_short_interest_update_now_at_an_added/,35000,94%,45,341
/r/Shortsqueeze/comments/yg8xta/why_i_think_gme_is_way_bigger_then_we_could/,38300,88%,27,295
/r/Shortsqueeze/comments/yjplmy/mmtlp_havent_sold_a_single_share_we_havent_even/,46700,94%,37,224
/r/Shortsqueeze/comments/y6rbrt/bbby_short_interest_keeps_increasing/,35300,91%,24,207
/r/Shortsqueeze/comments/yhjibv/seems_gme_is_getting_a_lot_of_traction_this/,44000,94%,25,192
/r/Shortsqueeze/comments/y6jnay/resubmitting_but_without_links_got_removed_short/,26200,95%,98,193
/r/Shortsqueeze/comments/yck4tt/gme_has_not_seen_short_interest_at_this_level/,39000,75%,33,180
/r/Shortsqueeze/comments/y0suyi/buying_the_dip_while_the_president_warns_of/,18100,98%,18,174
/r/Shortsqueeze/comments/yj41is/gme_market_makers_are_scared_and_are_trying_to/,33400,84%,10,170
/r/Shortsqueeze/comments/y1nywg/mmtlp_update_for_those_of_you_who_doubted_my/,43700,93%,35,157
/r/Shortsqueeze/comments/y2a0c4/mmtlp_going_to_make_some_new_millionaires/,50700,92%,43,155
/r/Shortsqueeze/comments/yfttiq/gme_this_is_all_it_needednobody_expecting_a/,19300,88%,18,147
/r/Shortsqueeze/comments/yk5b9l/fed_talk/,10300,99%,0,140
/r/Shortsqueeze/comments/ydf2u9/bbby_run_up_today_also_the_options_chain_is/,24100,91%,5,133
/r/Shortsqueeze/comments/ynsz65/prty_city_lets_gooooooooo/,42300,84%,32,129
/r/Shortsqueeze/comments/ylc2zb/mmat_is_taking_off_if_it_really_is_correlated_to/,31300,92%,55,128
/r/Shortsqueeze/comments/ylimsu/the_gamma_squeeze_on_mmat_is_starting/,30000,90%,52,130
/r/Shortsqueeze/comments/yfj3t8/gme_short_interest_is_back_things_are_getting/,14100,92%,2,127
/r/Shortsqueeze/comments/y26j99/mmtlp_update/,27000,91%,32,124
/r/Shortsqueeze/comments/yk7c7p/time_for_blast_off_mmat/,22000,91%,8,116
/r/Shortsqueeze/comments/ymevqd/in_a_sea_of_red_mmat_seems_to_be_the_only_green/,23900,94%,10,117
/r/Shortsqueeze/comments/y34ba2/aprn_going_for_it_is_anyone_still_holding/,25800,89%,8,113
/r/Shortsqueeze/comments/xzygb7/follow_the_mmtlp_shortsqueeze_all_the_way_into/,25000,87%,44,104
/r/Shortsqueeze/comments/y78ihx/bbig_just_announced_worldwide_advertising/,20900,91%,13,100
/r/Shortsqueeze/comments/yhxtai/hey_all_i_dont_post_here_very_often_but_in_case/,28800,88%,5,98
/r/Shortsqueeze/comments/yif2wa/gme_lets_go_baby_to_the_moon/,18200,87%,8,99
/r/Shortsqueeze/comments/y4uo3a/mmtlp_mmat_nextbridge_hydrocarbon/,36700,92%,21,99
/r/Shortsqueeze/comments/y0jzd3/js_has_spent_9265481301_on_aprn_since_september/,35300,93%,23,99
/r/Shortsqueeze/comments/y2t6ik/i_want_to_say_thank_you_to_this_sub_mmtlp/,24600,85%,4,97
/r/Shortsqueeze/comments/ynev7y/mmtlp_short_squeeze_background_article/,16500,93%,16,93
/r/Shortsqueeze/comments/y2iq5q/mmtlp_end_of_day_updatecan_you_say_lambo/,N/A,N/A,N/A,97
/r/Shortsqueeze/comments/y17ibs/little_aprn_hopium_for_yall_this_morning_blue/,22200,88%,9,95
/r/Shortsqueeze/comments/xzazxv/i_hope_this_meme_touch_some_apes/,12900,87%,3,92
/r/Shortsqueeze/comments/y88i96/aprn_stock_blue_apron_has_become_a_massive_short/,22000,89%,7,91
/r/Shortsqueeze/comments/ykt6uq/mmtlp_powel_rocks_the_market_shorts_reset_our_rsi/,16400,94%,34,91
/r/Shortsqueeze/comments/ylyrfc/put_them_space_undies_on_because_we_going_to_the/,18600,90%,4,89
/r/Shortsqueeze/comments/yed13r/mmtlp_squeeze_imminent_s1_approval_is_the_catalyst/,28600,88%,16,90
/r/Shortsqueeze/comments/yna0q4/mmatnext_week_could_start_fomo_buying_pressure/,23200,90%,10,86
/r/Shortsqueeze/comments/y36a9n/mmatmmtlp_easily_explained_enjoy_todays_short/,25000,88%,59,87
/r/Shortsqueeze/comments/yd2fcp/muln_can_we_see_1_5_then_10_igo_vehicles_set_for/,18400,84%,10,81
/r/Shortsqueeze/comments/ycbcpp/muln_is_a_pumping_now_at_47_why_may_i_present_the/,29400,85%,15,84
/r/Shortsqueeze/comments/y07sp6/gme_ta_trade_opportunity_also_moass_maybe/,17700,82%,11,80
/r/Shortsqueeze/comments/y8bd5e/blue_apron_failure_to_deliver_data/,21400,90%,6,80
/r/Shortsqueeze/comments/ylr456/whose_holding_mmat_and_waiting_for_this_squeeze/,10400,94%,2,80
/r/Shortsqueeze/comments/yf4qmu/gme_short_interest_on_whoretex_now_at_60_and_115m/,9700,94%,3,81
/r/Shortsqueeze/comments/yf4c8m/gme_looks_ready_to_blow_the_basket_could_follow/,8000,91%,3,80
/r/Shortsqueeze/comments/ybwcyc/phillies_winning_the_ws_means_impending_doom_for/,24600,87%,21,76
/r/Shortsqueeze/comments/y2b7vw/mmat_is_making_moves_lets_break_that_1_mark/,19000,93%,22,77
/r/Shortsqueeze/comments/y02yqm/good_luck_buti_dont_think_we_really_need_it/,21100,89%,12,74
/r/Shortsqueeze/comments/y482i5/i_bet_he_aint_the_only_one_its_been_a_stuff_one/,12100,89%,10,75
/r/Shortsqueeze/comments/y90hnk/aprn_70_s3_si_cohen_rdbx_squeeeze_coming69420/,17100,85%,8,74
/r/Shortsqueeze/comments/ye19rq/aprn_strong_short_squeeze_candidate/,17700,85%,10,71
/r/Shortsqueeze/comments/y0qhfn/this_is_what_i_get_thanks_aprn/,25200,92%,10,73
/r/Shortsqueeze/comments/y9ebcg/mmtlp_firebird_energy_shareholders_get_140_per/,N/A,N/A,N/A,71
/r/Shortsqueeze/comments/yd3jog/muln_next_stop_1_and_after_that_to_the_moon/,23500,79%,14,72
/r/Shortsqueeze/comments/yc94eq/muln_lets_goo_muln_lets_goo_muln_lets_goo/,17600,82%,4,70
/r/Shortsqueeze/comments/y7iqcx/recent_filing_no_more_bankruptcy_for_the_bbby_play/,10600,89%,6,66
/r/Shortsqueeze/comments/yn8uc5/a_friendly_reminder_for_the_impending_mmtlp_moass/,25000,75%,12,67
/r/Shortsqueeze/comments/ylr4j0/in_order_to_understand_the_potential_of_mmat_you/,18200,92%,63,67
/r/Shortsqueeze/comments/ynmpa2/no_way_this_can_be_right_16b_calls_for_jan_20/,18800,93%,5,67
/r/Shortsqueeze/comments/y7hu94/you_guys_are_forgetting_mmtlp_and_mmat/,23100,78%,9,65
/r/Shortsqueeze/comments/yp0eo1/grabbed_some_mmat_right_before_the_bell/,8400,99%,0,71
/r/Shortsqueeze/comments/yk6jq5/bbby_has_105_short_percent_of_float_as_of_1014/,9100,86%,0,65
/r/Shortsqueeze/comments/y5l54x/bbby_valuation_analysis_a_deep_fing_value_play/,16900,83%,2,64
/r/Shortsqueeze/comments/ym3y87/mmat_we_got_the_handicap_ramp_in_our_sights/,12100,88%,9,64
/r/Shortsqueeze/comments/yjcf48/mmtlp_short_squeeze_bigger_than_vw_squeeze/,22800,82%,14,63
/r/Shortsqueeze/comments/y5k1ld/mmtlp_another_article_to_read/,22800,90%,6,63
/r/Shortsqueeze/comments/ygpk3f/mmtlp_a_short_squeeze_of_the_magnitude_of_hkd/,30800,76%,31,60
/r/Shortsqueeze/comments/yakdgd/mmtlp_enters_the_next_round_s1_file_is_updated/,20300,91%,14,61
/r/Shortsqueeze/comments/y308ng/i_got_very_lucky_on_mmtlp_thanks_for_all_the/,21700,93%,10,59
/r/Shortsqueeze/comments/y2z4fu/mmat_this_is_just_beautiful/,16500,87%,5,60
/r/Shortsqueeze/comments/yd7st0/aprn_short_shares_avilability_is_0/,13900,84%,8,59
/r/Shortsqueeze/comments/ym0qnn/just_bought_in_to_mmtlp_lots_of_mixed_emotions/,15500,93%,6,58
/r/Shortsqueeze/comments/ykwp94/mmat_prediction_the_next_partnership_announcement/,9800,90%,9,58
/r/Shortsqueeze/comments/y2c331/mmat_breaks_through_the_100_mark/,11200,93%,0,58
/r/Shortsqueeze/comments/yetxzf/thch_138m_float_ready_to_go_reason_for_recent/,15500,97%,13,57
/r/Shortsqueeze/comments/y8jph7/aprn_this_is_getting_juicy_i_have_a_very_good/,13200,85%,7,57
/r/Shortsqueeze/comments/y88ipy/muln_up_as_much_as_80_today_down_back_now_to_59/,35600,72%,6,54
/r/Shortsqueeze/comments/y2tt3w/mmat_is_up_13_this_morning_fomo_or_mmtlp/,15100,86%,3,52
/r/Shortsqueeze/comments/y17k5g/blue_apron_aprn_up_11_is_there_good_news/,25600,87%,9,53
/r/Shortsqueeze/comments/ykmhjy/dbgi_announces_1for100_reverse_stock_split/,32200,75%,27,51
/r/Shortsqueeze/comments/y8jk13/mmtlp_all_over_twitter_recently_trending_in/,16100,90%,11,51
/r/Shortsqueeze/comments/y5qhvj/link_to_some_mmtlp_squeeze_dd_enjoy/,14000,85%,2,49
/r/Shortsqueeze/comments/yfvc1d/if_this_stock_goes_past_30_you_may_see_something/,9100,85%,9,51
/r/Shortsqueeze/comments/y94s0e/mmtlp_now_in_an_uptrend_moass/,18700,80%,12,53
/r/Shortsqueeze/comments/y8vt8u/muln_momentum_carrying_into_day_2_up_185_pre/,24400,80%,3,52
/r/Shortsqueeze/comments/ydou2s/bbig_6_cent_squeeze_bbig_is_another_high_interest/,23100,71%,3,50
/r/Shortsqueeze/comments/ym41rd/mmtlp_short_squeeze_article_by_penny_queen_early/,9700,91%,5,47
/r/Shortsqueeze/comments/ylvn9g/s1a_imminent_today_marks_2_weeks_since_amended_s1/,10400,91%,3,48
/r/Shortsqueeze/comments/ykhdvk/aprn_earnings_gamble_nov_7th_bmo/,15200,88%,3,49
/r/Shortsqueeze/comments/y6flcy/what_do_you_think_of_mmat_is_it_still_a_play/,26300,86%,8,48
/r/Shortsqueeze/comments/y0uprd/mmat_if_mmtlp_mmat_divy_is_up_100_in_a_week_mmat/,10800,91%,4,51
/r/Shortsqueeze/comments/yojbq1/how_mmtlp_could_play_into_a_likely_mmat_gamma/,9400,92%,6,48
/r/Shortsqueeze/comments/yfweg8/so_bob_sloan_the_ceo_of_s3_partners_a_data/,8100,82%,9,47
/r/Shortsqueeze/comments/ye0pwu/bbby_looking_miiiiighhhttttyyyy_tasty_rn/,19000,73%,8,46
/r/Shortsqueeze/comments/ycwb0l/aprn_new_more_experienced_cmo_amber_minson_with/,15600,94%,6,48
/r/Shortsqueeze/comments/y1ppj3/mmtlp_we_are_making_legends/,11800,84%,23,44
/r/Shortsqueeze/comments/yjcvrv/aprn_100_shrsweek_until_epic_short_squeeze_and_so/,14600,77%,2,46
/r/Shortsqueeze/comments/y7edmd/aprn_did_we_get_good_news_or_are_we_just_having_a/,23000,83%,7,45
/r/Shortsqueeze/comments/yb11x1/do_not_have_fear_for_we_have_prepared_the_way_the/,26500,67%,6,43
/r/Shortsqueeze/comments/y6hvhg/highest_ever_mmtlp_short_borrow_fee_335_shorts/,13500,87%,4,43
/r/Shortsqueeze/comments/y2j7kt/ive_got_that_same_gme_feelin_with_this_one_mmtlp/,9800,81%,22,45
/r/Shortsqueeze/comments/y1jux8/mmtlp_is_like_a_runaway_freight_train_at_this/,10700,81%,1,41
/r/Shortsqueeze/comments/y162ra/mmtlp_gains_building_and_compounding_daily/,12300,86%,3,42
/r/Shortsqueeze/comments/y9vrrd/bbig_major_companies_already_running_ads_on/,15100,78%,8,41
/r/Shortsqueeze/comments/y6ci3s/avct_is_up_25_currently_today/,18900,84%,4,44
/r/Shortsqueeze/comments/y98m26/mmtlp_115_for_the_day_getting_ready_to_run_again/,11700,86%,1,40
/r/Shortsqueeze/comments/y1joi6/mmtlp_shorts_borrowed_550000_more_today_didnt_do/,16200,85%,6,40
/r/Shortsqueeze/comments/xzbfu4/cscw_new_information_linking_dono_phone_to_cyber/,14700,90%,5,40
/r/Shortsqueeze/comments/ym7pkx/mmat_option_itm_right_now_lets_keep_it_itm/,9000,95%,4,39
/r/Shortsqueeze/comments/yk3tly/mmtlp_and_mmat_updates_its_been_an_interesting/,7100,88%,3,39
/r/Shortsqueeze/comments/ybt3nq/bbby_debt_exchange_offer_analysis_part_1/,8600,94%,1,42
/r/Shortsqueeze/comments/y8tr2p/yesterdays_movement_in_mmtlp_should_be_a_clue/,11700,87%,3,41
/r/Shortsqueeze/comments/y47edp/why_is_rev_running_in_after_hours/,21700,88%,11,43
/r/Shortsqueeze/comments/yfwrjg/mmat_solid_tech_solid_long_big_potential_short/,10000,91%,10,40
/r/Shortsqueeze/comments/y5hjil/short_float_screener_as_of_today_notice_a_few/,31000,87%,46,41
/r/Shortsqueeze/comments/y1aohz/mmtlpthis_is_advice_for_newbs/,20400,80%,5,43
/r/Shortsqueeze/comments/yoh8w1/mmat_short_squeeze_is_it_coming/,17600,74%,14,34
/r/Shortsqueeze/comments/yoezk4/top_ten_reddit_short_squeeze_mentions_this/,9800,91%,2,38
/r/Shortsqueeze/comments/y98a7b/can_amazon_sales_help_blue_apron_aprn_stock_turn/,9100,88%,1,38
/r/Shortsqueeze/comments/y90t8o/aprn_short_covering_play_happening_now/,12300,79%,9,38
/r/Shortsqueeze/comments/y7d74s/reminder_2_mmat_will_squeeze/,13000,81%,6,37
/r/Shortsqueeze/comments/y5odzc/mmtlp_short_interest_from_a_couple_of_sources/,8100,94%,0,37
/r/Shortsqueeze/comments/y3j1eu/lets_watch_this_movie_go_to_75_then_play_the_game/,21100,69%,7,38
/r/Shortsqueeze/comments/yokp6z/aprn_pipe_funding_by_nov_30_this_is_good_news/,23400,80%,8,39
/r/Shortsqueeze/comments/ynw2kc/you_all_be_like_this_though_lmao/,11400,87%,3,37
/r/Shortsqueeze/comments/yjqzoq/please_upvote_posts_please_we_need_to_move_around/,11700,78%,1,37
/r/Shortsqueeze/comments/y34aaa/dont_worry_my_loves_mmat_will_make_a_glorious/,11200,84%,5,39
/r/Shortsqueeze/comments/y0eb5u/cscw_color_star_announces_participation_in_gitex/,15000,86%,1,37
/r/Shortsqueeze/comments/yevp37/once_this_clears_6_we_run_mmtlp/,13100,87%,4,34
/r/Shortsqueeze/comments/ydwjta/cei_possibly_the_next_muln_very_similar_beaten/,13800,86%,1,36
/r/Shortsqueeze/comments/y29q62/i_took_some_profits_in_mmat_probably_gonna_regret/,8400,89%,0,36
/r/Shortsqueeze/comments/you6r0/meta_materials_inc_nasdaq_mmat_potential_gamma/,5400,93%,3,36
/r/Shortsqueeze/comments/ydyrgu/muln_short_interest_rising_strikingly_different/,6500,88%,2,33
/r/Shortsqueeze/comments/y0pbzv/life_choices_do_opposite_of_this_sub/,5900,95%,10,36
/r/Shortsqueeze/comments/y024b3/reasons_to_seriously_consider_mmtlp/,9600,84%,10,34
/r/Shortsqueeze/comments/ynv2bi/my_mmat_monday_trading_prediction/,15400,83%,8,31
/r/Shortsqueeze/comments/y9tmxw/lmao_aka_lmfao_is_merging_with_sea_star_medical/,10800,87%,1,35
/r/Shortsqueeze/comments/y2zqhl/rev_just_halted_still_havent_seen_if_there_is/,8400,92%,0,33
/r/Shortsqueeze/comments/yhsxvy/microcap_daily_meta_materials_inc_otcmkts_mmtlp/,11100,86%,5,32
/r/Shortsqueeze/comments/yfwdjb/last_day_to_buy_mmat_and_mmtlp_before_the_s1/,12800,84%,2,34
/r/Shortsqueeze/comments/ya2nii/honestly_not_sure_how_many_read_this_publication/,17100,82%,7,32
/r/Shortsqueeze/comments/y85bb1/muln_up_33_with_pr_of_elms_deal_today_and_is_due/,11300,87%,15,34
/r/Shortsqueeze/comments/ylafgs/any_short_squeeze_rummors_to_buy_tommorow/,26600,83%,18,31
/r/Shortsqueeze/comments/yexwqn/aprn_man_this_looks_good_250/,6100,84%,2,32
/r/Shortsqueeze/comments/yepgj9/muln_lets_break_1_today_can_we_see_5_by_before/,11100,75%,2,31
/r/Shortsqueeze/comments/y2whpi/day_1_of_posting_memes_until_i_reach_pdt/,7000,85%,2,31
/r/Shortsqueeze/comments/y2r5m8/mmat_and_mmtlp_know_what_you_hold/,10000,79%,1,31
/r/Shortsqueeze/comments/y2dizf/sold_mmat_at_110_may_regret_it_later/,18200,72%,7,31
/r/Shortsqueeze/comments/y123fc/aprn_an_organic_search_seo_case_study/,5600,88%,13,33
/r/Shortsqueeze/comments/ylltag/i_am_overwhelmed_and_confused_over_mmtlp_and_mmat/,13400,84%,8,29
/r/Shortsqueeze/comments/ydw3yb/mmtlp_still_on_finra_reg_sho_threshold_list_been/,14000,81%,6,29
/r/Shortsqueeze/comments/ycgmgg/100_shrs_aprn_per_week_controls_the_float_2_years/,13300,76%,6,28
/r/Shortsqueeze/comments/y86k2h/anyone_get_in_muln_early_this_has_room_to_run/,18600,77%,4,29
/r/Shortsqueeze/comments/y6rbjz/avct_a_solid_play_like_this_why_others/,11800,77%,1,30
/r/Shortsqueeze/comments/y789od/avct_from_280_to_217_in_90_seconds_what_in_the/,21600,81%,24,29
/r/Shortsqueeze/comments/y2kf8b/ive_stopped_keeping_track_of_my_percentages_on/,8500,86%,1,27
/r/Shortsqueeze/comments/y0n3dy/anyone_know_the_deal_with_mmtlp/,15500,83%,10,27
/r/Shortsqueeze/comments/yh38g7/muln_can_come_more_good_news/,15900,80%,4,30
/r/Shortsqueeze/comments/yd5zin/aprn_tiny_mc_77_si_and_broad_market_dragging_it_up/,8700,82%,0,27
/r/Shortsqueeze/comments/y7vx05/me_with_my_paycheck_and_my_personal_loan/,7100,80%,2,28
/r/Shortsqueeze/comments/y0ge6t/adtx_7423_short_interest_next_squeezer/,12000,78%,4,25
/r/Shortsqueeze/comments/yok8ag/mmat_mmtlp_looking_at_the_pm_action_looks_like/,9900,89%,3,29
/r/Shortsqueeze/comments/yoal43/aprn_vs_mmat_which_is_a_better_pick/,15200,83%,11,28
/r/Shortsqueeze/comments/ym3uut/aprn_buyout_opportunity_could_we_see_25_or_above/,14000,75%,4,29
/r/Shortsqueeze/comments/ykwhlh/mmat_11122_mou_explained_for_those_who_dont_know/,4700,89%,0,27
/r/Shortsqueeze/comments/ybhr3s/impp_earnings_release_monday_premarket/,16700,82%,6,25
/r/Shortsqueeze/comments/y84e3d/inverse_cramer_tells_me_what_i_need_to_know/,5500,97%,0,27
/r/Shortsqueeze/comments/y5q9v7/what_are_your_moves_tomorrow/,17600,91%,27,28
/r/Shortsqueeze/comments/y0l0km/because_doing_stock_research_on_reddit_has_never/,7100,97%,3,27
/r/Shortsqueeze/comments/y9echz/very_dangerous_some_of_these_tickers_rev_is/,19100,65%,9,24
/r/Shortsqueeze/comments/ybreaw/what_are_your_moves_tomorrow/,14400,88%,17,24
/r/Shortsqueeze/comments/y31sxv/in_case_youre_bumming_about_the_drop_mmtlp/,9800,84%,3,25
/r/Shortsqueeze/comments/yhvpyh/acrx_69_short_7_mill_float_100_utilization_and_39/,16000,80%,6,24
/r/Shortsqueeze/comments/yg3i8n/the_double_trouble_mmat_mmtlp/,7500,88%,5,24
/r/Shortsqueeze/comments/yojkl2/mmat_q3_er_on_119_corporate_update_on_1110/,7700,96%,4,23
/r/Shortsqueeze/comments/yk7f2k/mmtlp_fidelity_allows_buys_via_phone/,7600,87%,1,23
/r/Shortsqueeze/comments/yftu16/is_mmat_still_a_good_play_seems_like_the_floor/,7600,85%,1,23
/r/Shortsqueeze/comments/ye4pry/prty_is_the_1_halloween_play_small_share_price/,7000,78%,1,24
/r/Shortsqueeze/comments/y99js4/rev_delisted_now_what_recall/,12900,85%,4,22
/r/Shortsqueeze/comments/y752y2/if_you_had_1000_for_investing_in_what_company/,29700,76%,9,23
/r/Shortsqueeze/comments/y5xh9h/speculation_atxi_posted_a_pr_recently_where_the/,10200,85%,5,22
/r/Shortsqueeze/comments/y30f6u/rev_37_up_today_did_i_miss_something/,7900,85%,6,23
/r/Shortsqueeze/comments/y0dyju/are_you_sure_about_pump_mmtlp/,19200,86%,11,25
/r/Shortsqueeze/comments/xzzw70/cscw_161_short_interest_if_this_is_the_short/,15900,67%,6,23
/r/Shortsqueeze/comments/yopggb/waiting_on_mmatmmtlp_to_drop_s1a_hope_i_saved/,8400,88%,2,23
/r/Shortsqueeze/comments/y3udlt/cscw_can_someone_please_sell_so_it_can_start_to/,17500,75%,2,22
/r/Shortsqueeze/comments/y31k5k/aprn_nothing_to_short_left_we_need_volume/,7900,77%,1,21
/r/Shortsqueeze/comments/xzr9k4/are_we_winning_should_i_come_back/,20800,71%,9,21
/r/Shortsqueeze/comments/ync1nj/tenx_possibility_of_sale_of_the_company_and_at/,7800,89%,12,21
/r/Shortsqueeze/comments/ylcgfk/highest_short_interest_stocks_arav_aprn_bynd_cvna/,9900,80%,7,22
/r/Shortsqueeze/comments/yewyxh/dbgi_will_do_reverse_split_and_everyone_knows/,9700,92%,0,21
/r/Shortsqueeze/comments/y5ggzv/regarding_mmtlp_value_of_oil_in_the_ground/,8200,82%,2,21
/r/Shortsqueeze/comments/y3rbas/thoughts_on_atxi_good_time_to_jump_in/,15600,84%,3,20
/r/Shortsqueeze/comments/y38dj3/what_are_your_moves_tomorrow/,11700,89%,22,20
/r/Shortsqueeze/comments/y22q4e/this_just_blew_my_mind_75/,11600,79%,6,22
/r/Shortsqueeze/comments/y1ecoh/why_do_wsj_marketwatch_cnn_etc_all_have_price/,15800,79%,8,21
/r/Shortsqueeze/comments/yp250e/mmat_accumulation_is_the_obvious_choice_now/,5600,96%,4,25
/r/Shortsqueeze/comments/yf4ruf/bullish_aprn_ready_to_run_102822/,4200,84%,1,21
/r/Shortsqueeze/comments/y7r12u/prty_breakout_started/,7900,82%,0,21
/r/Shortsqueeze/comments/y4oyn1/avct_1_on_fintels_short_squeeze_leadership_board/,13700,70%,4,21
/r/Shortsqueeze/comments/y1cb6c/sst_comeback_szn_gamma_squeeze/,6900,87%,8,21
/r/Shortsqueeze/comments/yngakm/dbgi_if_you_guys_havent_heard_of_this_then_i/,8700,88%,0,19
/r/Shortsqueeze/comments/yk351r/dbgi_for_me_is_a_good_buy_at_it_resistance_for/,10000,88%,1,19
/r/Shortsqueeze/comments/ycb8fn/damn_impp_earnings_epic_stuff_i_told_you_guys/,9600,83%,1,19
/r/Shortsqueeze/comments/y63zym/bbig_bbig_nuclear_moass_incoming/,10200,66%,3,19
/r/Shortsqueeze/comments/y5l4u7/atxi_share_buy_backs_at_771_per_share_current/,8700,88%,0,20
/r/Shortsqueeze/comments/ym7beq/uwmc_just_became_the_1_mortgage_lender/,4600,100%,3,18
/r/Shortsqueeze/comments/yfoy29/900_to_invest_now_what_do_i_get/,17600,78%,12,18
/r/Shortsqueeze/comments/yd57tp/aprn_green_going_strong_hold/,6200,69%,0,18
/r/Shortsqueeze/comments/y90wnb/gme_looking_like_it_wants_to_run_above_27_maybe/,6200,72%,0,17
/r/Shortsqueeze/comments/y85bu2/muln_mullen_acquires_elms_mullen_acquires_elms/,5100,79%,7,18
/r/Shortsqueeze/comments/y6mziz/rmed_advice_to_those_who_think_this_is_all_she_has/,8100,82%,1,18
/r/Shortsqueeze/comments/y5l4ue/bbby_valuation_analysis_a_deep_fing_value_play/,5600,71%,0,18
/r/Shortsqueeze/comments/y2l2r3/for_your_consideration_mmtlp_52_today_in_the_last/,4200,83%,2,18
/r/Shortsqueeze/comments/y2fcx4/what_are_your_moves_tomorrow/,10300,91%,7,17
/r/Shortsqueeze/comments/y24xkc/whats_everyones_price_point_for_mmat/,16300,81%,1,19
/r/Shortsqueeze/comments/y0q8o6/is_aprn_a_buy_since_it_is_now_lower_before_the/,9500,76%,4,18
/r/Shortsqueeze/comments/ym21pm/aprn_recurring_investment_will_trigger_short/,7300,73%,1,17
/r/Shortsqueeze/comments/yla00l/tlry_weed_midterm_push_playdems_have_nothing/,10500,69%,4,16
/r/Shortsqueeze/comments/yl8i9q/aprn_earnings_on_open_monday_worth_a_look/,7600,84%,0,17
/r/Shortsqueeze/comments/yl3mg6/sell_order_set_for_mmtlp_s1_cant_come_sooner/,6800,76%,1,17
/r/Shortsqueeze/comments/yjpzzj/lol_haha_look_at_this_throwback_i_stumbled_upon/,6200,84%,4,16
/r/Shortsqueeze/comments/yg5chu/with_a_renewed_focus_on_gme_we_could_see_major/,7200,75%,4,16
/r/Shortsqueeze/comments/y6kym2/what_are_your_moves_tomorrow/,12400,87%,10,17
/r/Shortsqueeze/comments/ymoric/mmatgamma_squeeze_incoming/,12700,75%,5,16
/r/Shortsqueeze/comments/yhoa36/what_are_your_moves_tomorrow/,12700,87%,10,16
/r/Shortsqueeze/comments/ye7dap/what_are_your_moves_tomorrow/,10000,91%,9,17
/r/Shortsqueeze/comments/ydj1pz/mmtlp_im_looking_for_dd_and_public_sentiment/,9300,81%,1,15
/r/Shortsqueeze/comments/ybjbrm/impp_will_crush_it_tomorrow_the_real_value_will/,13700,75%,5,16
/r/Shortsqueeze/comments/yal4s0/mf_something_to_have_on_watch/,24800,72%,11,18
/r/Shortsqueeze/comments/y8fiui/green_ah_any_takers/,5200,74%,0,16
/r/Shortsqueeze/comments/y7h5jd/what_are_your_moves_tomorrow/,11300,100%,13,17
/r/Shortsqueeze/comments/y2wwgz/mmtlpgtiifngr_and_some_for_the_side_play/,5000,90%,0,15
/r/Shortsqueeze/comments/ym8rba/weekend_squeeze_discussion_thread_what_are_your/,8600,100%,0,16
/r/Shortsqueeze/comments/yk8yto/burning_money_on_muln_1_calls_cuz_why_not/,15800,76%,4,15
/r/Shortsqueeze/comments/yfmu2w/easy_money_over_here_kal_gapped_down_from_19/,6100,86%,1,16
/r/Shortsqueeze/comments/ydtfbn/best_legal_councellar_mmtlp_can_get_check_his/,7100,80%,10,14
/r/Shortsqueeze/comments/yde6c0/what_are_your_moves_tomorrow/,8600,100%,8,16
/r/Shortsqueeze/comments/ydd9pc/will_bbby_squeeze_tomorrow_a_lot_of_volume_coming/,8500,80%,3,14
/r/Shortsqueeze/comments/y9zwv6/stuck_in_this_ipo_wlds_keeps_falling_everyday/,15000,89%,5,15
/r/Shortsqueeze/comments/y6jocs/atxi_still_prepping_to_squueeeeeze/,7300,86%,2,15
/r/Shortsqueeze/comments/y2dios/i_think_when_gp_said_we_would_torch_the_shorts/,5800,94%,2,15
/r/Shortsqueeze/comments/y2bz9z/mmtlpmmat_question_from_a_newbie/,8000,83%,3,15
/r/Shortsqueeze/comments/y0jzht/adtx_massive_short_interest_3_mill_float_20mil_in/,5300,81%,2,14
/r/Shortsqueeze/comments/xzzgpv/negg_50_borrow_fee_for_weeks_daily_volume_sub_500k/,7600,74%,2,15
/r/Shortsqueeze/comments/yoq7zy/aprn_people_gotta_relax_huge_market_overreaction/,7600,74%,4,18
/r/Shortsqueeze/comments/yncl2w/buy_fsr_fisker_start_of_production_november_17/,6500,81%,4,13
/r/Shortsqueeze/comments/yict7f/post_a_ticker_and_i_will_analyze_where_its_going/,16800,75%,7,14
/r/Shortsqueeze/comments/yfbgr8/muln_good_news_on_yahoo_finance/,5500,76%,0,13
/r/Shortsqueeze/comments/ydw2cx/govx_8_pt_slapped_on_it_todayebola_spreading/,5900,79%,1,14
/r/Shortsqueeze/comments/yco11c/so_webr_got_a_buyout_offer_of_625share_people_on/,12900,89%,0,15
/r/Shortsqueeze/comments/y866bx/bbig_shareholders_on_hold_pending_q2_q3_and/,5100,77%,0,14
/r/Shortsqueeze/comments/y7xzoq/ater_could_this_be_it_repeat_of_august_2021_move/,6800,70%,1,15
/r/Shortsqueeze/comments/y7bwd4/dwac_getting_weirderelon_tweeted_2_times_on_this/,8900,76%,7,15
/r/Shortsqueeze/comments/y7bkzw/bbig_lomotif_pr_ad_integration_with_google_has/,6000,89%,0,14
/r/Shortsqueeze/comments/y3qla7/mmtlp_mmat_short_volume_take_profit_buy_their/,9900,71%,2,13
/r/Shortsqueeze/comments/y314v7/anyone_anticipating_an_mmat_bounce_back/,8600,94%,2,14
/r/Shortsqueeze/comments/y22bos/aprn_spy_fngr_gtii_mmtlp_swing_and_daily_pd/,13100,73%,2,14
/r/Shortsqueeze/comments/y1qem4/partycity_stock_historically_in_october_month_the/,6100,89%,0,14
/r/Shortsqueeze/comments/yn6fgu/fwbi_has_something_going_on_im_just_saying_you/,7000,77%,1,14
/r/Shortsqueeze/comments/yjjihl/what_are_your_moves_tomorrow/,8700,84%,8,12
/r/Shortsqueeze/comments/yj7r31/cineworld_seems_to_be_squeezing_a_bit_as/,12300,72%,5,12
/r/Shortsqueeze/comments/yerryt/gtii_brokers_are_having_problems_locating_shares/,5000,85%,0,14
/r/Shortsqueeze/comments/yclssa/agfy_extremely_shorted_has_been_shorted_down_from/,13800,79%,4,13
/r/Shortsqueeze/comments/yc7hvc/what_is_the_difference_between_mmat_mmtlp/,9900,81%,0,13
/r/Shortsqueeze/comments/y9nt50/impp_just_announced_earnings_and_its_monday_oct/,14500,70%,1,12
/r/Shortsqueeze/comments/y93bry/pegy_ctb_now_at_822_74m_shares_outstanding/,4800,84%,2,13
/r/Shortsqueeze/comments/y6o43s/cscw_who_agressively_shorts_a_literal_penny_stock/,5900,94%,0,15
/r/Shortsqueeze/comments/y6ixk7/ppsi_low_float_low_2million_cap_35m_backlog_no/,6200,85%,0,14
/r/Shortsqueeze/comments/y3vl6x/could_it_be_avct_coming_back_honestly_im/,14600,68%,2,13
/r/Shortsqueeze/comments/y3r9qg/atxi_massive_run_incoming_10m_share_buyback/,8300,73%,3,12
/r/Shortsqueeze/comments/y2z8x2/aprn_green_and_ready_for_moon_lfg/,5000,71%,0,13
/r/Shortsqueeze/comments/y2n1co/blackberry_squeeze_confirmed_anyone_else_in_bb/,4600,74%,0,13
/r/Shortsqueeze/comments/y16h3s/the_chance_of_a_mmat_squeeze_is_getting_more/,8200,76%,0,13
/r/Shortsqueeze/comments/y0q196/rmed_very_low_float_si_very_high_imminent_gamma/,4900,93%,0,13
/r/Shortsqueeze/comments/y0gek3/the_difference_between_mmtlp_and_mmat_does_it/,7900,78%,0,13
/r/Shortsqueeze/comments/yoncge/its_that_time_of_the_year_again_dwac/,4100,83%,0,12
/r/Shortsqueeze/comments/ym530q/told_a_friend_to_look_into_mmtlp_squeeze/,5800,77%,3,12
/r/Shortsqueeze/comments/yld24n/what_are_your_moves_tomorrow/,8000,83%,7,11
/r/Shortsqueeze/comments/ykfgef/what_are_your_moves_tomorrow/,9400,80%,9,12
/r/Shortsqueeze/comments/yfyzzg/weekend_squeeze_discussion_thread_what_are_your/,8900,100%,2,12
/r/Shortsqueeze/comments/ye9unj/gtii_short_percentage_today_is_78_and_yesterday/,6200,74%,0,10
/r/Shortsqueeze/comments/ye10kv/bbby_continues_to_run_and_the_atm_share_offering/,3900,67%,0,11
/r/Shortsqueeze/comments/yd9esv/muln_buy_buy_buy_cant_help_it/,5900,67%,2,12
/r/Shortsqueeze/comments/ya2q2o/working_on_my_fomo_attitude_nfa/,8800,84%,0,12
/r/Shortsqueeze/comments/y98hlp/damn_thank_god_i_didnt_buy_into_rev_made_fat/,6500,73%,0,12
/r/Shortsqueeze/comments/y7q3rd/chugga_chugga_ttoo_ttoo_all_aboard/,4900,93%,2,12
/r/Shortsqueeze/comments/y7f2b8/where_do_you_guys_find_the_latest_stock_market/,9400,93%,2,12
/r/Shortsqueeze/comments/y6q636/rmed_good_luck_shorts_cya_over_10_pm_tomorrow/,7600,71%,1,12
/r/Shortsqueeze/comments/y67n5r/751_inpx_reverse_split_is_only_reason_short/,10700,80%,4,12
/r/Shortsqueeze/comments/y39gct/once_again_another_banger_from_this_sub/,6900,72%,2,11
/r/Shortsqueeze/comments/y38xpo/klr_opportunity_to_make_10x/,5700,88%,5,12
/r/Shortsqueeze/comments/y35x3l/mmtlp_is_about_to_run_last_chance_to_get_in_cheap/,7600,68%,2,13
/r/Shortsqueeze/comments/y15x8g/color_star_technology_co_ltd_nasdaq_cscw_regains/,8200,75%,0,11
/r/Shortsqueeze/comments/xzw6my/what_are_your_moves_tomorrow/,12500,74%,10,11
/r/Shortsqueeze/comments/yojfnn/what_price_do_you_think_mmat_will_reach/,9200,72%,6,13
/r/Shortsqueeze/comments/yoj2y1/mmat_mmtlp_percentage_rise_with_mmtlp/,4000,82%,0,14
/r/Shortsqueeze/comments/yoa3gw/why_is_muln_down_i_see_no_reason_great/,10300,68%,1,10
/r/Shortsqueeze/comments/ym0odw/which_meta_material_stock_will_preform_better/,6500,73%,2,10
/r/Shortsqueeze/comments/yfrf2w/rum_cos_we_like_rum_and_bitches_in_the_winter/,4900,72%,17,11
/r/Shortsqueeze/comments/y9sujw/next_short_squeeze_small_caps_are_hot_and_dbgi_at/,11500,74%,10,11
/r/Shortsqueeze/comments/y98jxm/cscw_color_star_is_the_play/,9300,66%,5,10
/r/Shortsqueeze/comments/y989yn/what_are_your_moves_tomorrow/,9500,87%,13,11
/r/Shortsqueeze/comments/y7a904/hlbz_up_70_and_climbing_looks_like_today_is_gonna/,8100,79%,4,11
/r/Shortsqueeze/comments/y691n9/atxi_13g_filed_reporting_mitchell_p_kopin_owning/,7500,75%,0,10
/r/Shortsqueeze/comments/y5qt81/top_financial_was_shorted_down_from_20_dollars/,9700,83%,1,12
/r/Shortsqueeze/comments/y1lysd/avct_after_hours_what_the_heck_is_going_on/,12500,75%,9,12
/r/Shortsqueeze/comments/yoygh3/the_curious_case_of_grpn_groupon/,3100,92%,2,10
/r/Shortsqueeze/comments/ymuvgz/looking_for_short_squeeze_information_sources/,13100,82%,1,11
/r/Shortsqueeze/comments/ym6npi/i_need_information_on_mmat_price_target_because/,12000,73%,8,10
/r/Shortsqueeze/comments/yl2z9c/dbgi_making_a_run_for_it_on_this_shitty_market_day/,8800,71%,0,10
/r/Shortsqueeze/comments/yj3fu5/very_intriguing_open_interest_on_the_jan_20_23/,5800,71%,2,10
/r/Shortsqueeze/comments/ycl0o7/what_are_your_moves_tomorrow/,11000,73%,25,10
/r/Shortsqueeze/comments/yb5dr2/i_am_better_than_all_of_you_prove_me_wrong/,12800,61%,6,10
/r/Shortsqueeze/comments/y9732f/mark_remark_holdings_nasdaq_extension_granted/,4400,92%,1,11
/r/Shortsqueeze/comments/y8w71f/muln_could_see_another_beautiful_run_today_did/,4800,73%,0,10
/r/Shortsqueeze/comments/y8vy7r/getting_into_muln_while_it_is_still_pumping/,6200,69%,0,10
/r/Shortsqueeze/comments/y7cvho/you_guys_and_gals_riding_the_aterade_train_to/,7400,74%,0,11
/r/Shortsqueeze/comments/y6f28r/atxi_13g_filed_cvi_investments_inc_takes_272700/,6000,82%,0,11
/r/Shortsqueeze/comments/y4cvkl/pegy_ortex_ctb_max_473_no_shares_left_to_borrow/,12300,67%,7,10
/r/Shortsqueeze/comments/y3tuw7/atxi_the_highest_ctb_rn_high_si_tiny_float/,11000,75%,3,10
/r/Shortsqueeze/comments/y2lmcw/curious_if_anyone_has_a_bear_case_for_mmtlp/,7300,72%,1,9
/r/Shortsqueeze/comments/y2crqu/this_guy_nailed_it_on_mmtlp_last_week/,4600,76%,0,11
/r/Shortsqueeze/comments/y1mrd8/not_advice_el_pollo_loco_loco_just_approved_a_20/,6300,79%,3,11
/r/Shortsqueeze/comments/yooml6/daily_squeeze_discussion_thread/,4700,85%,2,9
/r/Shortsqueeze/comments/ykwr46/possible_short_squeeze_on_coms/,7300,71%,37,9
/r/Shortsqueeze/comments/yjn3bm/all_eyes_on_snoa_dont_sleep_on_this_one/,8000,76%,4,9
/r/Shortsqueeze/comments/yjaret/arav_160_short_interestconfirmed_by_multiple/,8600,73%,2,8
/r/Shortsqueeze/comments/yj8rej/daily_squeeze_discussion_thread/,6500,100%,5,10
/r/Shortsqueeze/comments/yiin18/arav_160_short_and_under_2talk_about_a_target/,7300,76%,1,9
/r/Shortsqueeze/comments/yifwth/hmm_fomo_buy_in_halt_stock_re_direct_buys_to_dark/,8300,84%,0,8
/r/Shortsqueeze/comments/ycns3o/webr_buyout_offer_on_the_table_could_this_be_a/,8500,75%,0,8
/r/Shortsqueeze/comments/ycbbo3/daily_squeeze_discussion_thread/,7100,100%,6,9
/r/Shortsqueeze/comments/yby38c/short_interest_data_from_ortex_week_of_october/,11500,76%,3,9
/r/Shortsqueeze/comments/ya34y5/weekend_squeeze_discussion_thread_what_are_your/,10700,85%,2,9
/r/Shortsqueeze/comments/y96fg1/wtf_is_up_with_klr_anyone_know/,5000,90%,2,8
/r/Shortsqueeze/comments/y7t7to/thch_china_pump_at_market_open/,8300,76%,3,9
/r/Shortsqueeze/comments/y72cl9/rmed_has_its_time_finally_come/,5600,86%,1,10
/r/Shortsqueeze/comments/y2fe1o/finviz_shorts_screener_for_potential_squeezes/,5400,74%,5,7
/r/Shortsqueeze/comments/y26bhu/why_sst_could_pull_6m_shares_into_the_money_and/,3500,81%,4,10
/r/Shortsqueeze/comments/y25vmw/txtm_next_big_runner_25_tweet_dd_attached/,2700,92%,0,10
/r/Shortsqueeze/comments/y0pxab/what_are_your_moves_tomorrow/,9500,74%,15,9
/r/Shortsqueeze/comments/xzqfh1/200_in_paper_trading_penny_stocks_in_10_dayslost/,11700,62%,4,10
/r/Shortsqueeze/comments/ylz46r/daily_squeeze_discussion_thread/,5200,91%,3,8
/r/Shortsqueeze/comments/yl2x3x/daily_squeeze_discussion_thread/,5300,100%,8,9
/r/Shortsqueeze/comments/yl0bi0/sonn_primed_for_another_rip_44_mill_shares/,4800,72%,4,8
/r/Shortsqueeze/comments/ygzeyn/how_far_can_this_go_up_id_say_500/,15000,64%,9,9
/r/Shortsqueeze/comments/yf1qss/what_are_your_moves_tomorrow/,6600,91%,9,9
/r/Shortsqueeze/comments/yes14x/daily_squeeze_discussion_thread/,5200,100%,4,8
/r/Shortsqueeze/comments/ydynm8/negg_is_cooking_and_youre_still_in_early/,3400,80%,1,9
/r/Shortsqueeze/comments/y90ur3/gamble_rev_plus_syta_is_it_time_for_the_move_up/,6700,75%,2,8
/r/Shortsqueeze/comments/y8cnk9/what_are_your_moves_tomorrow/,8600,82%,8,7
/r/Shortsqueeze/comments/y83o70/gtii_up_again_at_market_open/,4300,100%,0,8
/r/Shortsqueeze/comments/y828ou/how_could_anyone_not_buy_a_ticker_named_lmao_in/,7900,83%,0,8
/r/Shortsqueeze/comments/y7wq88/atxi_the_run_has_started_and_it_has_a_loooong_way/,7100,75%,1,8
/r/Shortsqueeze/comments/y73skb/coms_and_rmed_investing_at_0700/,5000,83%,0,8
/r/Shortsqueeze/comments/y6k65n/avct_how_up_will_it_go_after_two_explosive/,9900,68%,0,8
/r/Shortsqueeze/comments/y5no2b/uber_eats_and_leafly_partner_to_bring_cannabis/,5800,83%,2,8
/r/Shortsqueeze/comments/y25v6u/aprn_is_getting_killed_out_there_any_chance_it/,14600,58%,2,7
/r/Shortsqueeze/comments/y0hwl4/mmtlp_to_the_moon/,5800,79%,0,8
/r/Shortsqueeze/comments/yo2lhe/what_are_your_moves_tomorrow/,9500,77%,8,7
/r/Shortsqueeze/comments/ylb4oe/dbgi_still_in_a_good_price_before_tomorrow_1100/,3900,83%,0,8
/r/Shortsqueeze/comments/yl7s3v/what_are_your_thoughts_on_the_mmtlp_theory_of_s1/,4800,75%,4,6
/r/Shortsqueeze/comments/yjsx6h/you_are_all_sleeping_on_gety_72_float_short_at/,5600,73%,6,7
/r/Shortsqueeze/comments/yiys1r/arav_been_watching_this_today_feels_like_tomorrow/,5200,89%,0,7
/r/Shortsqueeze/comments/yin4p4/what_are_your_moves_tomorrow/,9300,77%,13,7
/r/Shortsqueeze/comments/yi6923/can_anyone_point_me_to_information_about_wtf_most/,9700,74%,1,7
/r/Shortsqueeze/comments/yh8hfk/value_stock_with_squeeze_potential/,14300,68%,5,8
/r/Shortsqueeze/comments/yer16u/fednat_holding_company_announces_voluntary_nasdaq/,5100,100%,0,8
/r/Shortsqueeze/comments/ye1vlr/0_shares_available_to_borrow_right_now_on_fintel/,3700,82%,0,7
/r/Shortsqueeze/comments/ycjpdj/rmed_soon_to_be_short_squeezed_short_interest_282/,6300,71%,2,7
/r/Shortsqueeze/comments/yajwzz/has_the_party_ended_with_chinese_sky_rockets_this/,9000,73%,2,7
/r/Shortsqueeze/comments/ya644d/atxi_is_locked_loaded_monday_green_day_thoughts/,5200,73%,2,7
/r/Shortsqueeze/comments/y6bcpt/daily_squeeze_discussion_thread/,8800,89%,4,7
/r/Shortsqueeze/comments/y4a2qy/time_to_sobr_up_more_accurate_than_a_breathalyzer/,7300,73%,7,7
/r/Shortsqueeze/comments/y34cvk/sub_getting_full_of_pump_n_dumps/,4700,63%,1,7
/r/Shortsqueeze/comments/y2yts1/whats_wrong_with_setting_trailing_stoploss_on_a/,3700,100%,0,7
/r/Shortsqueeze/comments/y2yt5t/daily_squeeze_discussion_thread/,5900,100%,4,8
/r/Shortsqueeze/comments/y1k9xn/what_are_your_moves_tomorrow/,9500,100%,10,7
/r/Shortsqueeze/comments/y0xfaw/mmtlp_pros_and_cons_lets_hear_them_this_seems_to/,6000,72%,4,8
/r/Shortsqueeze/comments/yoyugg/anything_to_look_at_and_possible_buy_before/,4900,100%,0,6
/r/Shortsqueeze/comments/yns6yk/be_careful_investing_in_hudi_and_dbgi/,7800,71%,2,6
/r/Shortsqueeze/comments/yneewq/dg_closing_stores_time_to_short/,6400,89%,3,7
/r/Shortsqueeze/comments/ym7deh/faze_dump_is_over_its_time_to_long_ctb_300/,5600,69%,0,6
/r/Shortsqueeze/comments/ym436d/dbgi_more_than_half_of_the_free_float_is_shorted/,3400,67%,0,5
/r/Shortsqueeze/comments/yk37av/what_the_hell_is_going_on_with_snoa_it_on_a_2_day/,5700,82%,2,7
/r/Shortsqueeze/comments/yihvha/hearing_duuo_is_the_next_otc_squeezer/,4800,100%,0,6
/r/Shortsqueeze/comments/yfqych/xela_shorts_buffet_how_you_go_from_422_to_024/,5900,75%,1,6
/r/Shortsqueeze/comments/yf5glh/hkd_hit_20_even_today_fly_or_flop/,7000,71%,3,6
/r/Shortsqueeze/comments/yend8i/wsecdr_cd_projekt_red_shorts_defending_the_long/,5400,100%,2,7
/r/Shortsqueeze/comments/ye97r5/is_there_anyone_who_can_help_me_with_already/,4400,74%,0,5
/r/Shortsqueeze/comments/ye15zw/who_wrote_first_about_frgt_on_reddit/,6400,80%,0,6
/r/Shortsqueeze/comments/ydexo8/major_price_action_occurring_with_rite_aid_today/,5300,67%,1,4
/r/Shortsqueeze/comments/ydei1d/vgfc_recent_membership_only_distribution_deal_92m/,5400,88%,1,6
/r/Shortsqueeze/comments/yd5v3v/hlbz_just_signed_new_merger_agreement_might_be/,3500,88%,0,6
/r/Shortsqueeze/comments/yd5a9x/govx_new_highs_for_ebola_casesguess_who_has_the/,3700,69%,2,5
/r/Shortsqueeze/comments/ycpj2z/swvl_t35_this_week_13m_need_covered_average/,4700,82%,2,7
/r/Shortsqueeze/comments/ycae2v/next_rs_runner_likely_anpc_120_would_put_it_at/,6100,78%,0,5
/r/Shortsqueeze/comments/y95irk/kplt_on_the_run_25_on_high_vol/,5200,75%,0,6
/r/Shortsqueeze/comments/y92b7i/pxmd_low_float_high_short_interest_good_combo/,3700,82%,0,7
/r/Shortsqueeze/comments/y8zxph/ttoo_looks_like_it_could_be_a_solid_play_at_13/,3900,80%,3,6
/r/Shortsqueeze/comments/y8ycde/daily_squeeze_discussion_thread/,6500,86%,3,5
/r/Shortsqueeze/comments/y7753e/daily_squeeze_discussion_thread/,6200,100%,2,6
/r/Shortsqueeze/comments/y65zi5/beem_8m_float_govt_contracts_patented_tech_that/,4200,75%,10,6
/r/Shortsqueeze/comments/y613yo/short_interest_from_ortex_for_october_1721/,7400,82%,3,7
/r/Shortsqueeze/comments/y53jf6/is_apdn_still_worth_watching_or_was_it_a_pd_on/,11200,63%,1,5
/r/Shortsqueeze/comments/y43ob4/weekend_squeeze_discussion_thread_what_are_your/,9600,71%,4,6
/r/Shortsqueeze/comments/y3tqat/gamble_with_gmbl_earnings_today_so_curious_hlbz/,7800,80%,1,6
/r/Shortsqueeze/comments/y32974/thch_sp_confirms_float_being_adjusted_this_could/,3000,67%,0,5
/r/Shortsqueeze/comments/y24ddd/syta_momentum_squeezeundervalued_co_tiny_market/,3100,80%,0,6
/r/Shortsqueeze/comments/y24171/daily_squeeze_discussion_thread/,6800,88%,9,6
/r/Shortsqueeze/comments/y1ktuq/atxi_70_short_1_updated_finra_short_900_ctb_and/,4700,67%,1,5
/r/Shortsqueeze/comments/y1ia90/gwav_guys_what_do_you_think_about_gwav/,3200,73%,0,5
/r/Shortsqueeze/comments/y18u65/fngr_short_volume_is_insane_they_are_trapping/,5100,67%,2,6
/r/Shortsqueeze/comments/y0yzlz/market_is_still_unpredictable_i_am_sticking_to/,5700,69%,2,6
/r/Shortsqueeze/comments/yp5yby/what_are_some_of_the_stocks_that_you_were_the/,4700,90%,2,7
/r/Shortsqueeze/comments/yp07ae/what_are_your_moves_tomorrow/,4000,86%,6,5
/r/Shortsqueeze/comments/yovyfu/dwac_and_phun_lets_go_what_more_do_i_need_to_say/,2700,67%,0,4
/r/Shortsqueeze/comments/yorm0d/by_wary_of_people_that_dont_want_to_engage_in_the/,3700,87%,0,6
/r/Shortsqueeze/comments/yopuwr/tlry_5_states_going_legal_tomorrow_20182020_saw/,4400,69%,0,5
/r/Shortsqueeze/comments/ynvnb4/tlry_past_2_election_cycles_boomage_5_states_on/,4200,64%,0,4
/r/Shortsqueeze/comments/ynpfcw/side_by_side_comparison_of_fisker_and_polestar/,9300,75%,2,4
/r/Shortsqueeze/comments/ynnd7d/dbgi_potential_sneeze_ortex_data_shows_that_the/,6400,64%,0,4
/r/Shortsqueeze/comments/ylhakv/rite_aid_announces_cash_tender_offer_and_consent/,3300,86%,2,5
/r/Shortsqueeze/comments/yjo1qt/is_muln_too_low_for_a_short_squeeze_to_happen/,7900,63%,3,5
/r/Shortsqueeze/comments/yihdrc/low_volume_setup_xortx_therapeutics_xrtx_8_pt/,5200,73%,0,5
/r/Shortsqueeze/comments/yic9y6/daily_squeeze_discussion_thread/,7000,78%,3,5
/r/Shortsqueeze/comments/yhp4nd/dd_revitalist_calmcn_rvlwf_revenue_producing/,7300,78%,0,5
/r/Shortsqueeze/comments/yfrkgw/tsla_headed_to_250_thoughts_welcomed/,3700,73%,0,5
/r/Shortsqueeze/comments/yf1f5c/corz_will_this_run_back_like_rev_they_still_hold/,3300,73%,4,5
/r/Shortsqueeze/comments/ye6q6e/article_today_dont_shoot_the_messenger_this_just/,3200,64%,1,3
/r/Shortsqueeze/comments/ydy6v6/daily_squeeze_discussion_thread/,5200,84%,3,4
/r/Shortsqueeze/comments/yd4vps/daily_squeeze_discussion_thread/,6700,73%,3,5
/r/Shortsqueeze/comments/ybnjhw/can_i_trust_these_there_are_so_many_bs_out_there/,9700,69%,5,5
/r/Shortsqueeze/comments/yaak41/could_rite_aid_be_an_acquisition_target_again/,5700,73%,0,5
/r/Shortsqueeze/comments/ya0sd5/thoughts_on_klr_does_this_stock_have_some_merit/,6100,80%,0,6
/r/Shortsqueeze/comments/y9zx49/the_meteora_theory_the_rise_of_foxo/,4700,87%,0,6
/r/Shortsqueeze/comments/y9tpt6/brqs_get_ready_for_a_fngr_pegy_like_move/,4800,78%,0,5
/r/Shortsqueeze/comments/y8wp8s/which_one_of_you_degens_did_this/,5100,75%,2,6
/r/Shortsqueeze/comments/y49efz/so_did_anybody_get_in_on_fngr_a_month_ago/,6900,73%,1,5
/r/Shortsqueeze/comments/y45x8f/have_yall_seen_the_prices_for_deep_itm_calls/,4800,60%,0,4
/r/Shortsqueeze/comments/y3s2mc/so_wondering_about_webr_climbed_on_the_news_of/,5100,69%,1,5
/r/Shortsqueeze/comments/y2wysi/ppsi_short_interest_increased_by_1_million_shares/,4300,63%,2,4
/r/Shortsqueeze/comments/y2lxcc/anyone_buying_mmat_options_looking_at_future/,4100,78%,0,5
/r/Shortsqueeze/comments/y2f5xu/mmat_ideas_when_we_should_leave/,5900,65%,5,5
/r/Shortsqueeze/comments/y1n8wn/avct_read_the_fine_print_here_its_interesting/,N/A,N/A,N/A,4
/r/Shortsqueeze/comments/y0ev49/daily_squeeze_discussion_thread/,5600,86%,3,5
/r/Shortsqueeze/comments/y02mcz/adtx_every_website_that_i_saw_shows_short/,4500,69%,0,5
/r/Shortsqueeze/comments/yoyk3i/chinese_sos_ltd_sos_is_paying_5000000_to/,2200,100%,2,6
/r/Shortsqueeze/comments/yor2ef/gfaismall_floatacquisition_news_this_monthneeds/,2400,67%,0,3
/r/Shortsqueeze/comments/yoprrg/asts_an_investment_and_a_trade_i/,1700,72%,1,3
/r/Shortsqueeze/comments/ymb063/will_someone_with_ortex_or_fintel_etc_do_me_a/,4400,100%,2,5
/r/Shortsqueeze/comments/ym9tym/where_will_meta_materials_mmat_stock_be_in_5_years/,4500,70%,0,4
/r/Shortsqueeze/comments/ykbpyo/days_to_cover_what_does_it_mean_when_a_squeeze/,6400,83%,1,4
/r/Shortsqueeze/comments/yk5bsb/daily_squeeze_discussion_thread/,4500,84%,2,4
/r/Shortsqueeze/comments/yjwrk2/who_is_in_onwatching_gety_share_your_dd_please/,3700,72%,3,3
/r/Shortsqueeze/comments/yjipxe/gevo_will_explode_in_the_next_two_weeks/,5100,67%,4,4
/r/Shortsqueeze/comments/yijlhd/sonn_monster_squeeze_100_shorted_of_shares/,7100,70%,14,4
/r/Shortsqueeze/comments/yigpky/i_consulted_with_a_psychic_for_investment_advice/,5800,69%,0,5
/r/Shortsqueeze/comments/yif4ba/despac_battery_company_nice_ss_profile/,5800,72%,2,3
/r/Shortsqueeze/comments/yf1lxt/this_look_like_a_future_squeeze_to_anyone_else/,2800,86%,0,5
/r/Shortsqueeze/comments/ye16wb/bngo_short_interest_up_over_past_month_price/,4200,84%,2,4
/r/Shortsqueeze/comments/ydupz9/grrrrr_i_cant_sort_the_daily_thread_by_most_recent/,6000,70%,1,4
/r/Shortsqueeze/comments/ydajor/regis_corporation_rgs_next_retail_rally/,6700,73%,7,5
/r/Shortsqueeze/comments/yb0t57/im_still_here_and_so_is_negg_dont_miss_the_next/,11300,58%,3,4
/r/Shortsqueeze/comments/y88gwv/nutx_just_hit_short_sell_restricted/,4300,81%,0,3
/r/Shortsqueeze/comments/y6t4ih/dont_believe_people_into_getting_you_to_buy_high/,2700,69%,0,5
/r/Shortsqueeze/comments/y6dtnj/clr_210_of_float_shorted_and_being_taken_private/,5800,78%,2,5
/r/Shortsqueeze/comments/y6czjp/smmt_up_10_today_and_summit_therapeutics_inc/,5200,67%,0,3
/r/Shortsqueeze/comments/y5rn83/possible_ss_forg_check_for_yourself/,5700,70%,1,4
/r/Shortsqueeze/comments/y52ky5/after_all_bbig_must_yo_be_worth_something_i_widh/,15700,53%,4,3
/r/Shortsqueeze/comments/y3u102/daily_squeeze_discussion_thread/,7600,70%,7,4
/r/Shortsqueeze/comments/y3hpol/surg_20ma_is_now_cruising_the_50ma_6month_chart/,5900,75%,1,4
/r/Shortsqueeze/comments/y3acf3/is_gary_actually_going_to_do_something/,4100,100%,0,4
/r/Shortsqueeze/comments/y32e4w/avct_mini_short_squeez_you_never_know/,5900,60%,3,4
/r/Shortsqueeze/comments/y302pu/purchasing_mmtlp_on_wealthsimple/,3600,75%,1,4
/r/Shortsqueeze/comments/y300tp/why_is_mmtlp_down_today_is_this_the_end_or_just_a/,5400,73%,4,5
/r/Shortsqueeze/comments/y1ctov/webr_is_on_the_move_halted_once_already/,4500,67%,3,5
/r/Shortsqueeze/comments/y194v2/daily_squeeze_discussion_thread/,6100,75%,2,4
/r/Shortsqueeze/comments/yp8mu2/aprn_limit_supply_and_squeezs_financials_dont/,2300,84%,3,16
/r/Shortsqueeze/comments/yp40wu/ride_squeeze_potential_with_moves_ah/,1700,67%,0,2
/r/Shortsqueeze/comments/yoywl3/dwac_what_a_call_73_this_is_huge/,3000,64%,2,4
/r/Shortsqueeze/comments/yowo6z/jupiter_wellness_nasdaq_jupw_is_spinning_off_its/,1800,67%,4,2
/r/Shortsqueeze/comments/yovnro/whats_the_deal_with_hdui_took_off_700_last_week/,4900,71%,5,3
/r/Shortsqueeze/comments/ynsqky/gfaiacquisition_news_just_filed_fridaysmall/,4400,80%,0,3
/r/Shortsqueeze/comments/ym94if/perf_is_the_perfect_play_low_float_ipo_taking_off/,3700,100%,0,3
/r/Shortsqueeze/comments/ym62b9/people_talk_over_and_over_the_same_ticker_but/,5500,66%,1,4
/r/Shortsqueeze/comments/ym57yo/tenx_offexchange_short_volume_10_360_000_shares/,2800,100%,0,3
/r/Shortsqueeze/comments/ym1lew/rumbles_borrow_rate_is_insane_right_now/,2500,75%,0,4
/r/Shortsqueeze/comments/yleu1e/all_eyes_on_stng_right_now_dont_sleep_on_this_one/,5700,62%,1,3
/r/Shortsqueeze/comments/yl0wbp/vrax_virax_biolabs_introduces_rsvinfluenzacovid/,3400,67%,2,3
/r/Shortsqueeze/comments/yk2c1p/apple_lockdowned_aapl_puts_ftw/,5100,80%,0,3
/r/Shortsqueeze/comments/yj8zww/ampx_might_be_the_day_shorts_are_starting_to_cover/,3600,72%,0,3
/r/Shortsqueeze/comments/yj7mpw/credit_suisse_csgn_plunged_over_20_market/,4200,80%,2,3
/r/Shortsqueeze/comments/yik142/whats_going_on_with_tilray_canopy_growth_and/,5500,64%,1,3
/r/Shortsqueeze/comments/yid0lo/fwbi_has_momentum_but_despite_that_shorts_are/,5000,63%,1,2
/r/Shortsqueeze/comments/ye1yir/chart_is_looking_good_for_a_big_move_up/,2400,80%,0,3
/r/Shortsqueeze/comments/ydzx04/have_any_of_you_seen_how_several_nasdaq_companies/,2900,71%,23,3
/r/Shortsqueeze/comments/yckzcy/late_money_coming_in_avya_guys_get_in_now/,5000,60%,1,2
/r/Shortsqueeze/comments/ybp8kb/is_cscw_a_takeover_candidate/,6700,64%,0,4
/r/Shortsqueeze/comments/yag1n2/can_someone_explain_this_im_trying_to_understand/,22600,54%,25,6
/r/Shortsqueeze/comments/y9d3f3/one_of_the_notable_squeeze_plays_from_last_year/,4300,75%,0,4
/r/Shortsqueeze/comments/y842h1/svre_moving_on_high_volume_101922/,2600,100%,0,3
/r/Shortsqueeze/comments/y7ck82/good_to_know_that_all_the_plays_played_out/,3200,71%,0,3
/r/Shortsqueeze/comments/y7atxy/gtii_close_to_trending_up_more_65gain_today/,4100,72%,0,3
/r/Shortsqueeze/comments/y79wzv/surprised_that_im_not_seeing_more_excitement_over/,3900,75%,0,4
/r/Shortsqueeze/comments/y75xgx/anyone_else_in_ftch_might_be_worth_a_look/,3500,80%,3,3
/r/Shortsqueeze/comments/y4rw4y/avct_options_question_after_reverse_split/,7800,62%,1,4
/r/Shortsqueeze/comments/y4ptmz/inpx_monday_could_be_huge/,12600,55%,5,3
/r/Shortsqueeze/comments/y473ur/here_is_some_facts_about_inpx_for_you_to_check_out/,5100,64%,1,3
/r/Shortsqueeze/comments/y3r57r/getting_into_nutx_early_this_morning/,4000,75%,0,4
/r/Shortsqueeze/comments/y30qjj/negg_is_holding_strong_and_waiting_for_the_squeeze/,2000,67%,0,4
/r/Shortsqueeze/comments/y2vc6p/question_which_trading_appbroker_are_you_using/,3200,80%,0,3
/r/Shortsqueeze/comments/y19ung/fnhc_reservicing_not_bk_can_retail_bailout/,2900,80%,0,3
/r/Shortsqueeze/comments/y19cpu/lets_squeeze_goev_zeeba_has_a_binding_agreement/,5200,62%,1,3
/r/Shortsqueeze/comments/y0mowk/now_more_than_ever_negg_can_easily_squeeze_the/,3800,71%,0,3
/r/Shortsqueeze/comments/xzzm2m/how_much_lower_can_we_go_for_sub_10_stocks/,5200,71%,4,3
/r/Shortsqueeze/comments/yow14x/why_is_bbig_share_price_dropping_today/,3400,63%,0,2
/r/Shortsqueeze/comments/youdut/arav_170_si_no_share_available_to_borrow_leaving/,2000,71%,0,3
/r/Shortsqueeze/comments/ynkkla/which_company_shows_progress_company_1_or_company/,4200,75%,2,2
/r/Shortsqueeze/comments/ym66vp/amps_crowded_illiquid_short/,2400,100%,0,2
/r/Shortsqueeze/comments/ym0jlt/she_is_running_with_heavy_volume_stng/,2100,100%,0,2
/r/Shortsqueeze/comments/yl4s5f/anyone_going_for_first_solar_i_bought_and_it_went/,2200,75%,0,2
/r/Shortsqueeze/comments/yl1oip/who_is_listed_1_shortsqueeze_and_1_gamasqueeze/,2900,60%,1,2
/r/Shortsqueeze/comments/ykbizn/amtd_digital_bottom_for_this_memme_stock/,3500,67%,3,2
/r/Shortsqueeze/comments/yjumko/what_trading_a_app_do_you_use/,5500,56%,0,1
/r/Shortsqueeze/comments/yjncg9/fwbi_vedu_nice_squeeze_and_bounce_plays/,2900,57%,0,1
/r/Shortsqueeze/comments/yjj6w4/cnnwq_cine_cineworld_has_been_beaten_down_and_now/,3500,63%,0,2
/r/Shortsqueeze/comments/yjh14k/cgra_is_up_66_to_75_today_around_0046/,2900,100%,2,2
/r/Shortsqueeze/comments/yjgnqw/watch_out_for_nvta_prior_to_its_earnings_last/,3700,75%,2,2
/r/Shortsqueeze/comments/yj9ls6/sonn_monster_squeeze_over_100_shorted_look_at/,4600,58%,1,2
/r/Shortsqueeze/comments/yg5t3z/just_out_of_curiosity_is_there_a_list_of_short/,3900,67%,1,2
/r/Shortsqueeze/comments/yfsou1/maybe_gnln_is_an_option_today_some_recovery_is/,2800,100%,0,2
/r/Shortsqueeze/comments/yfo8ro/daily_squeeze_discussion_thread/,4400,100%,2,2
/r/Shortsqueeze/comments/yf9cv6/thomas_gordon_welch_files_form_4_oct_27_2022/,2600,67%,0,2
/r/Shortsqueeze/comments/ye2xyl/lylt_is_anyone_following_this_insane_price_action/,3000,75%,1,2
/r/Shortsqueeze/comments/ye2ud0/your_opinions_on_wayfair_squeeze_or_shit/,3500,75%,1,2
/r/Shortsqueeze/comments/ydzphm/tcda_could_be_a_good_play_95_crash_this_week_on_a/,14300,56%,9,3
/r/Shortsqueeze/comments/ydfltg/joe_byrn_here_completely_undervalued_the_need_for/,3500,67%,0,2
/r/Shortsqueeze/comments/yd8i12/how_these_numbers_have_stayed_like_this_for/,4200,75%,1,2
/r/Shortsqueeze/comments/ybrq34/op_100_short_and_29_mill_float_currently_23_a/,7200,67%,2,3
/r/Shortsqueeze/comments/ya5zct/how_will_impp_close_after_earnings_on_monday_1024/,4500,67%,0,3
/r/Shortsqueeze/comments/y9oyg9/could_rite_aid_be_an_acquisition_target_again/,3800,71%,0,3
/r/Shortsqueeze/comments/y9njci/atxi_ready_for_big_moves_ctb_gone_up_and_hitting/,3900,60%,2,2
/r/Shortsqueeze/comments/y98at3/a_little_edge_goes_a_long_way_mmshedge_end_of_day/,3000,60%,0,2
/r/Shortsqueeze/comments/y8zugg/two_ipos_being_listed_today_prme_17_underwriters/,1900,71%,0,3
/r/Shortsqueeze/comments/y8df2x/snmp_cei_impp_gas_in_the_demand_zone_pump_for_gas/,4000,60%,2,2
/r/Shortsqueeze/comments/y82t1j/daily_squeeze_discussion_thread/,5600,100%,4,2
/r/Shortsqueeze/comments/y81qlj/lmao_200k_despac_no_options_to_mess_with_itplus/,3300,75%,0,2
/r/Shortsqueeze/comments/y7j31j/confidence_is_super_high_with_eose_load_up_boys/,5600,75%,0,2
/r/Shortsqueeze/comments/y7iq9f/muln_possible_reverse_split/,4500,54%,2,1
/r/Shortsqueeze/comments/y7hz4y/areb_begins_to_reach_a_critical_level_market_cap/,3300,75%,1,2
/r/Shortsqueeze/comments/y7137c/its_that_time_again_remix_style/,7000,63%,2,2
/r/Shortsqueeze/comments/y686e1/inpx_is_running_up_quick_pd/,7000,56%,1,1
/r/Shortsqueeze/comments/y47ern/ummm_are_you_saying_the_float_is_actually_smaller/,3200,63%,0,2
/r/Shortsqueeze/comments/y44wfl/inpx_seems_to_be_the_next_runner_2m_float_super/,5400,58%,8,2
/r/Shortsqueeze/comments/y40hmc/klr_ive_seen_this_ticker_twice_today_in_other/,5400,58%,5,2
/r/Shortsqueeze/comments/y3bu4v/ctm_public_floatna_wonder_how_much_this_will_blow/,3500,100%,0,2
/r/Shortsqueeze/comments/y370dd/svre_potential_global_expansion_please_have_a_read/,3400,75%,0,2
/r/Shortsqueeze/comments/y2hk3r/president_bidens_cannabis_commitment_could_have/,2500,63%,0,2
/r/Shortsqueeze/comments/y2h0th/dwac_the_midterm_elections_play/,4600,56%,2,2
/r/Shortsqueeze/comments/y2f1pc/whats_going_on_with_adtx_are_we_holding_out_till/,3200,75%,1,2
/r/Shortsqueeze/comments/y28w6t/ppsi_free_float_24_million_receives_an_8_million/,2400,75%,0,2
/r/Shortsqueeze/comments/y25bmq/qncx_1332_si_all_time_lows_094_sp_flatgoing_lower/,2000,75%,0,2
/r/Shortsqueeze/comments/y24buv/adtx_news_out_on_this_heavily_shorted_stock_check/,2900,71%,1,3
/r/Shortsqueeze/comments/y2135n/kprx_could_go_squeezing_any_day_now/,5700,58%,1,2
/r/Shortsqueeze/comments/y1vggl/qbts_rocket_pending_14m_float_151k_shares/,2500,100%,0,2
/r/Shortsqueeze/comments/y11x4z/hkd_shares_lower_than_ever_ready_to_pop_with_some/,6700,52%,4,2
/r/Shortsqueeze/comments/y02ptq/these_are_my_latest_gtii_targets_my_892_hit/,5000,61%,1,3
/r/Shortsqueeze/comments/yp4fbp/help_me_understand_athx_what_is_going_on_in_after/,1500,67%,0,1
/r/Shortsqueeze/comments/yp0rdb/feedbackinterest_in_financial_wordlestyle_daily/,1500,66%,0,1
/r/Shortsqueeze/comments/yow1yr/iqstel_otcqz_iqst_is_dual_listing_on_upstream/,1600,67%,0,1
/r/Shortsqueeze/comments/youlnl/llap_terran_orbital_top_pick_in_the_space_sector/,1700,67%,0,1
/r/Shortsqueeze/comments/yoqrpc/clar_the_short_trap_the_profitmaking_company/,1700,67%,0,1
/r/Shortsqueeze/comments/yoqeko/surg_making_moves_looking_to_fill_gap_maybe_to_63/,4000,60%,1,1
/r/Shortsqueeze/comments/ynr7t4/what_do_you_think_about_hudi_going_up_up_up_is_it/,4200,67%,2,1
/r/Shortsqueeze/comments/ym3sci/sntg_breakaway_gap_bear_trap_worth_a_look/,1900,100%,0,1
/r/Shortsqueeze/comments/ym3p3q/algorithms_could_be_going_haywire_with_a_penny/,1400,100%,0,1
/r/Shortsqueeze/comments/ym3iju/gfai23_of_the_float_is_short6075_daily_short/,2100,62%,1,2
/r/Shortsqueeze/comments/ym0kry/rum_is_setup_for_a_super_squeeze/,2400,54%,1,1
/r/Shortsqueeze/comments/ym0ity/frza_vrax_what_happened_all_you_need_to_know/,1600,100%,0,1
/r/Shortsqueeze/comments/yluc9s/right_on_the_way_to_the_next_ath_blockrock_its_on/,2800,56%,0,1
/r/Shortsqueeze/comments/yl86ep/software_effective_solutions_otc_sfwj_medcana/,2100,67%,1,1
/r/Shortsqueeze/comments/yl363u/duuo_squeeze_still_on_retail_is_not_selling/,3400,67%,0,1
/r/Shortsqueeze/comments/ykmi9y/revitalist_releases_supplement_line_to_enhance/,2400,100%,0,1
/r/Shortsqueeze/comments/yk5q5r/frza_took_off_on_news_was_on_watchlist/,2600,67%,0,1
/r/Shortsqueeze/comments/yk4o0r/dont_forget_about_surgstill_in_top_10_squeegy_and/,4600,100%,1,1
/r/Shortsqueeze/comments/yjljc4/root_ready_to_squeeze_way_undervalued/,3200,57%,0,1
/r/Shortsqueeze/comments/yj9u7k/is_qngy_a_good_stock_to_get_into/,2400,60%,0,1
/r/Shortsqueeze/comments/yj9b4x/anyone_else_in_duuo_getting_squeezed/,2800,60%,0,1
/r/Shortsqueeze/comments/yiy4z0/pfmt_up_20_on_cms_contract_news_anybody_else_in/,3300,100%,0,1
/r/Shortsqueeze/comments/yio03y/igny_ticker_change_tomorrow_and_the_float_is_so/,4400,67%,2,1
/r/Shortsqueeze/comments/yifndh/de_spac_battery_company_mentioned_before/,2400,67%,1,1
/r/Shortsqueeze/comments/yicj57/pbts_powerbridge_technologies_deserves_a_look/,3200,60%,1,1
/r/Shortsqueeze/comments/yfsi6g/will_corz_get_bought_out_those_miners_are/,2900,100%,0,1
/r/Shortsqueeze/comments/ye6t1h/govx_ebola_spreading_fast_govx_has_a_vax_in_the/,10400,54%,1,2
/r/Shortsqueeze/comments/ye3pwd/charlottes_web_cwbhf_otc_short_sale_open_interest/,N/A,N/A,N/A,1
/r/Shortsqueeze/comments/ye0d9m/hlbz_thoughts_on_it_good_or_bad/,1900,50%,0,0
/r/Shortsqueeze/comments/ydzw19/eose_still_no_one_listening/,2100,67%,4,1
/r/Shortsqueeze/comments/ydzsiu/bbig_6_cent_short_squeeze_bbig_has_great/,2200,53%,0,1
/r/Shortsqueeze/comments/ydzcxh/ubx_looks_interesting_low_free_float/,2100,60%,1,1
/r/Shortsqueeze/comments/ydy1rb/govx_looks_juicy_premarket_ideas/,3100,60%,0,1
/r/Shortsqueeze/comments/ydvl05/united_states_securities_and_exchange_commission/,4000,60%,0,1
/r/Shortsqueeze/comments/ydr83m/duo_up_100_yesterday_360k_free_float_could_it_be/,5400,60%,1,1
/r/Shortsqueeze/comments/yd52jm/going_up_going_big_undervalued_stock_3_plus/,2700,60%,0,1
/r/Shortsqueeze/comments/ycjaty/lmao_looking_really_strange_green_on_little/,4200,60%,0,1
/r/Shortsqueeze/comments/ycfqws/rxt_1218_stock_buy_now_and_make_money/,3400,60%,1,1
/r/Shortsqueeze/comments/ya6c5z/mf_is_ready_to_explode_highly_shorted_and_ready/,6300,56%,3,1
/r/Shortsqueeze/comments/y9jzx5/sobr_looking_sexy_broke_out_ah_with_a_retest_hold/,3300,67%,3,1
/r/Shortsqueeze/comments/y8sr22/what_do_you_guys_think_about_hpco_hempacco_co/,3100,67%,0,1
/r/Shortsqueeze/comments/y8rjak/atxi_the_company_has_just_officially_announced/,3300,55%,0,1
/r/Shortsqueeze/comments/y8axgg/mmshedge_19oct_end_of_day_charts_in_review_3/,2700,57%,0,1
/r/Shortsqueeze/comments/y7cf9e/how_much_more_will_areb_be_shorted_areb_has_a/,2800,60%,0,1
/r/Shortsqueeze/comments/y6wcz9/cwbhf_latest_short_sale_open_interest_2847100/,2600,67%,0,1
/r/Shortsqueeze/comments/y47jby/american_people_have_had_trillions_wiped_away/,3700,46%,0,0
/r/Shortsqueeze/comments/y3yimx/negg_is_the_play_youre_gonna_be_early_on/,6600,55%,1,2
/r/Shortsqueeze/comments/y3okgi/state_of_the_markets_march_2020_vs_september_2022/,2800,60%,1,1
/r/Shortsqueeze/comments/y3dwer/foxo_low_float_10m_no_shares_to_borrow/,3600,50%,0,0
/r/Shortsqueeze/comments/y3btx3/state_of_the_markets_march_2020_vs_september_2022/,2200,67%,0,1
/r/Shortsqueeze/comments/y305nz/mmat_2_ways_to_make_on_thislike_it_or_not_shorts/,7100,53%,1,1
/r/Shortsqueeze/comments/y2d47r/charlottes_web_shares_jump_on_sponsorship_pact/,2100,60%,0,1
/r/Shortsqueeze/comments/y28axd/check_out_hpco_recent_ipo_hemp_cbd_cigarettes/,2300,67%,0,1
/r/Shortsqueeze/comments/y26lsb/coms_for_a_bargain_price_today/,2100,100%,0,1
/r/Shortsqueeze/comments/y26joq/what_do_you_guys_think_of_big/,2700,67%,0,1
/r/Shortsqueeze/comments/y1z89q/can_someone_help_me_with_some_information_about/,2200,67%,0,1
/r/Shortsqueeze/comments/y1g83p/gwav_beat_down_into_the_mud_by_mms/,2600,67%,3,1
/r/Shortsqueeze/comments/y1d6ji/flws_running_a_green_shoot_in_a_sea_of_red/,2600,60%,0,1
/r/Shortsqueeze/comments/y1cqlw/webr_is_rumored_to_have_received_a_takeover_offer/,3000,50%,0,0
/r/Shortsqueeze/comments/y1aere/impp_3_on_gamma_squeeze_and_20ma_looking_good/,2600,57%,0,1
/r/Shortsqueeze/comments/y0k1ir/faze_my_latest_call_is_now_up_up_up/,3100,50%,0,0
/r/Shortsqueeze/comments/yojpel/do_you_guys_think_the_red_pm_for_mmat_will/,6900,50%,1,0
/r/Shortsqueeze/comments/ykwe4r/lmt_llap_its_all_about_hearing_the_guidance/,2100,50%,0,0
/r/Shortsqueeze/comments/ykbfg0/amtd_digital_bottom_for_this_memestock/,3000,50%,1,0
/r/Shortsqueeze/comments/yk90wn/can_we_kick_the_short_sellers_i_t_a/,2400,50%,0,0
/r/Shortsqueeze/comments/yk6wn3/duuo_squeezing_again_today_after_big_cover/,2500,50%,0,0
/r/Shortsqueeze/comments/yjbp1t/thch_to_crash_even_more_do_to_xi_jin_ping/,3000,50%,0,0
/r/Shortsqueeze/comments/yilrts/nine_to_the_10_plus_in_few_days/,2900,50%,1,0
/r/Shortsqueeze/comments/ygo7d3/hi_newbie_here_whats_best_platformsoftwarechat/,9300,44%,1,0
/r/Shortsqueeze/comments/yfxv3s/what_do_you_think_about_efoi/,3200,50%,0,0
/r/Shortsqueeze/comments/yf8yjk/anything_looking_good_for_over_the_weekend/,3000,50%,0,0
/r/Shortsqueeze/comments/yewjrv/cs_credit_suisse_after_the_cs_shits_the_bed_will/,2700,50%,1,0
/r/Shortsqueeze/comments/yes8y0/endpq_running_3rd_day_in_a_row/,2800,50%,1,0
/r/Shortsqueeze/comments/ydyi6u/trading_at_14share_rsi_14_sitting_at_267_approx/,1800,50%,0,0
/r/Shortsqueeze/comments/ydg3md/webr_is_on_the_move_huge_insider_buying_43_short/,6000,50%,1,0
/r/Shortsqueeze/comments/yd5ys7/snti_senti_biosciences_is_going_up_back_to_the/,3300,50%,0,0
/r/Shortsqueeze/comments/ycc4ad/govx_ebola_spreadinglow_float_with_sudan_strain/,4300,56%,1,1
/r/Shortsqueeze/comments/yc3gfs/let_the_fun_or_not_begin_for_oct_24/,5800,50%,0,0
/r/Shortsqueeze/comments/y9yqe7/is_idex_the_next_ev_stock_to_squeeze_potential/,4700,50%,5,0
/r/Shortsqueeze/comments/y9r82a/is_t_short_or_should_we_go_with_vz_for_earnings/,4000,50%,0,0
/r/Shortsqueeze/comments/y9q8cw/frgt_reminds_a_lot_of_pegy_revenue_forecast/,3600,50%,0,0
/r/Shortsqueeze/comments/y99io4/still_keeping_an_eye_on_this_one/,4200,50%,2,0
/r/Shortsqueeze/comments/y90lqw/qngy_needs_volume_but_could_go_higher_but_it_is/,3500,50%,0,0
/r/Shortsqueeze/comments/y8xxxq/rock_tech_lithium_deal_with_mercedes_benz_is_done/,3400,50%,2,0
/r/Shortsqueeze/comments/y8ieyc/cbdl_calling_all_apes_0001_it_can_only_go_up_from/,3500,44%,0,0
/r/Shortsqueeze/comments/y8c0k4/muln_insane_call_on_ipoarmy_twitter_reached_041/,N/A,N/A,N/A,0
/r/Shortsqueeze/comments/y7l3pp/mmshedge_18oct_end_of_day_charts_in_review_3/,4000,44%,2,0
/r/Shortsqueeze/comments/y7ie3q/sls_is_about_to_go_100_to_5_by_end_of_week/,4600,50%,4,0
/r/Shortsqueeze/comments/y79c9a/red_alert_negg_25c_are_gonna_be_getting_expensive/,4000,56%,0,1
/r/Shortsqueeze/comments/y78i0t/im_learning_why_does_the_covered_stock_profit_but/,5000,50%,0,0
/r/Shortsqueeze/comments/y76hw7/fisker_fsr_short_float_hits_a_whopping_31/,3800,50%,0,0
/r/Shortsqueeze/comments/y74nwy/acor_is_right_now_getting_premarket_boost_after/,2700,50%,0,0
/r/Shortsqueeze/comments/y72lmj/faze_can_someone_validate_ortex_numbers/,2700,50%,0,0
/r/Shortsqueeze/comments/y6pi7e/i_cant_stop_because_i_just_gotta/,3900,50%,1,0
/r/Shortsqueeze/comments/y4xuq1/the_most_undervalued_stock_in_the_whole_market/,7000,54%,5,1
/r/Shortsqueeze/comments/y401hr/crtd_up_big_on_huge_volume_22_very_small_float/,3500,45%,4,0
/r/Shortsqueeze/comments/y3xj1m/what_trading_price_to_sell_atxi/,4400,50%,2,0
/r/Shortsqueeze/comments/y3t697/nviv_book_value_per_share_shortsqueeze/,3500,50%,0,0
/r/Shortsqueeze/comments/y31e39/apdn_nothing_to_short_left_we_need_volume/,2900,50%,1,0
/r/Shortsqueeze/comments/y319t7/brqs_ready_for_a_launch_long_play/,2800,50%,2,0
/r/Shortsqueeze/comments/y3128i/ctm_down_50_uplistedrs_halted_once/,2100,50%,0,0
/r/Shortsqueeze/comments/y2w9vi/to_the_shills_and_detractors_spraeding_fud_about/,2200,50%,0,0
/r/Shortsqueeze/comments/y2mseh/altu_has_a_similar_set_up_like_dfli_but_with/,2600,50%,1,0
/r/Shortsqueeze/comments/y2g8dj/dont_sleep_on_dfli_its_a_new_despac_and_only_500k/,3100,50%,2,0
/r/Shortsqueeze/comments/y2c748/gauging_interest_in_glatfelter_corp_glt/,2300,50%,0,0
/r/Shortsqueeze/comments/y2bqw8/i_still_believe_negg_has_the_potential_to_be_a/,2600,45%,0,0
/r/Shortsqueeze/comments/y2bi15/atxi_8628_fee_also_on_regsho_threshold_list/,2900,50%,0,0
/r/Shortsqueeze/comments/y29y2z/is_agfy_squeezing_or_what_is_going_on/,2600,50%,0,0
/r/Shortsqueeze/comments/y25he3/tmc_the_metals_company_very_bullish_news_about_a/,1900,50%,0,0
/r/Shortsqueeze/comments/y1utvg/what_are_your_thoughts_on_ilag/,4500,50%,2,0
/r/Shortsqueeze/comments/y1qiyq/llap_squeeze_inbound_good_news_and_technicals/,2600,50%,0,0
/r/Shortsqueeze/comments/y1ggds/knightscope_acquisition_of_case_emergency_blue/,2700,50%,1,0
/r/Shortsqueeze/comments/y1ckv2/brez_question_i_dont_know_shit_about_i_just/,3300,50%,0,0
/r/Shortsqueeze/comments/y1bn46/hkd_popping_off_again_buy_or_no/,3300,54%,0,1
/r/Shortsqueeze/comments/y18t5u/wetg_an_excellent_news_news/,2200,50%,1,0
/r/Shortsqueeze/comments/y0qnka/dfli_approved_merger_might_make_you_some_money/,3800,50%,0,0
/r/Shortsqueeze/comments/y0l8sa/anyone_got_si_numbers_on_pegy/,3000,50%,1,0
/r/Shortsqueeze/comments/y0d7t3/fisker_fsr_a_sleeper_ev_no_one_is_looking_at/,3400,50%,0,0
/r/Shortsqueeze/comments/ym93e8/did_you_know_that_amazon_spent_10_billion_on/,2200,43%,0,0
/r/Shortsqueeze/comments/yl8lig/gfaismall_float23_of_the_float_is/,2100,40%,0,0
/r/Shortsqueeze/comments/yl5fzv/just_gunna_leave_thus_here_nndm_it_been_a_long/,3600,44%,1,0
/r/Shortsqueeze/comments/yj5zo8/ground_control_to_major_tom/,3200,50%,0,0
/r/Shortsqueeze/comments/yj3ncm/how_will_aprn_close_following_their_earnings/,4200,33%,1,0
/r/Shortsqueeze/comments/yg2s44/is_muln_the_next_moass_check_it_out/,4400,50%,2,0
/r/Shortsqueeze/comments/yexgoa/rlx_about_to_blow_from_35_to_1_sitting_at_5_pe/,2600,40%,0,0
/r/Shortsqueeze/comments/ye0q39/alpine_4_holdings_alpp_subsidiary_vayu_aerospace/,2500,40%,0,0
/r/Shortsqueeze/comments/ydzljc/ibio_beat_down_micro_float_40_dtc_120_si_huge/,2000,33%,0,0
/r/Shortsqueeze/comments/ydyp08/i_cant_sell_any_tmbr_stocks_now/,1900,33%,0,0
/r/Shortsqueeze/comments/ycfh8j/kspn_pumping_any_news_on_this_one_that_it_would/,3500,33%,0,0
/r/Shortsqueeze/comments/yc72qp/what_are_we_going_to_do_about_acme_stock_and_are/,4900,44%,1,0
/r/Shortsqueeze/comments/ybq92d/where_are_we_with_gety_and_lvwr/,6700,43%,0,0
/r/Shortsqueeze/comments/y9uu5o/efoi_is_being_shorted_properly/,3600,44%,0,0
/r/Shortsqueeze/comments/y9tsfp/daily_squeeze_discussion_thread/,6400,44%,6,0
/r/Shortsqueeze/comments/y9sp74/pegy_no_shares_avaliable_to_short/,3600,40%,1,0
/r/Shortsqueeze/comments/y9q90x/tops_new_play_with_cost_to_burrow_going_up_is/,3100,33%,0,0
/r/Shortsqueeze/comments/y90esa/hlbz_thoughts/,2600,43%,1,0
/r/Shortsqueeze/comments/y8y17a/pegy_updated_ctb_increased_to_751/,3700,33%,0,0
/r/Shortsqueeze/comments/y81uqg/ibio_moved_up_2869_places_to_3_on_fintel/,3200,33%,3,0
/r/Shortsqueeze/comments/y7t94g/otic_down_95_since_july_due_to_bad_trials/,2800,33%,0,0
/r/Shortsqueeze/comments/y7fv77/any_see_mhua_micro_float_creeping_up_someones/,2900,33%,0,0
/r/Shortsqueeze/comments/y77oib/avct_running_look_at_those_big_green_candles/,11900,50%,4,0
/r/Shortsqueeze/comments/y76av9/i_did_my_own_deep_dive_on_this_one/,3200,38%,1,0
/r/Shortsqueeze/comments/y6qtsk/gehi_sitting_at_14_which_is_around_70_prers_if_it/,4500,33%,1,0
/r/Shortsqueeze/comments/y47q0f/qngy_looking_for_your_opinions/,3300,43%,0,0
/r/Shortsqueeze/comments/y3wc21/adtx_is_the_next_big_play_that_is_all/,4500,47%,2,0
/r/Shortsqueeze/comments/y3ccbf/imra_merger_announced_last_hour/,3100,50%,0,0
/r/Shortsqueeze/comments/y35y82/help_needed_please_and_thank_you/,3000,33%,0,0
/r/Shortsqueeze/comments/y2ymsx/key_reversal_days_often_occur_at_the_bottom_and/,1700,33%,0,0
/r/Shortsqueeze/comments/y2e5l1/adtx_has_the_following_short_interest/,3300,38%,0,0
/r/Shortsqueeze/comments/y2bo1o/eose_is_at_a_great_buy_price_now/,2000,40%,0,0
/r/Shortsqueeze/comments/y29cuz/fsr_36_days_until_release_23_short_interest/,2100,33%,0,0
/r/Shortsqueeze/comments/y25ts9/fulc_looks_good_great_results_this_thing_will_blow/,2000,33%,0,0
/r/Shortsqueeze/comments/y20es4/infinite_group_imci_new_ipo_gonna_have_an/,3600,40%,0,0
/r/Shortsqueeze/comments/y1ec3f/1800flowers_flws_up_7_so_far/,2400,33%,0,0
/r/Shortsqueeze/comments/y1dnxh/sst_baby_no_offering_or_dilution_like_those_other/,5100,50%,1,0
/r/Shortsqueeze/comments/y1cfas/negg_wants_to_blast_it_just_needs_volume/,2700,44%,0,0
/r/Shortsqueeze/comments/y1aepp/just_a_question_about_something_that_might_be/,3200,40%,2,0
/r/Shortsqueeze/comments/y17jcv/lase_when_a_5m_float_ipo_stock_get_a_contract/,4400,40%,4,0
/r/Shortsqueeze/comments/y0pk3i/eose_is_about_to_rocketupcoming_catalyst_plus/,3300,38%,0,0
/r/Shortsqueeze/comments/y0l0ys/fed_guy_beyond_aholeing/,3400,40%,0,0
/r/Shortsqueeze/comments/y02oh0/rnva_targets_i_like_9_i_noticed_a_lot_of_chatter/,5200,46%,4,0
/r/Shortsqueeze/comments/ylx8cs/amtd_digital_on_fire_in_pre_market/,2500,43%,0,0
/r/Shortsqueeze/comments/yk7u4b/im_new_could_someone_explain_me_something/,2600,38%,0,0
/r/Shortsqueeze/comments/yjnzid/who_is_the_market_maker_of_swvl/,2300,25%,0,0
/r/Shortsqueeze/comments/yjkcqp/time_for_a_mullen_auto_squeeze/,2800,40%,0,0
/r/Shortsqueeze/comments/yf9phn/canootwitter_hats_off_to_wallboxna_on_the_opening/,2400,25%,0,0
/r/Shortsqueeze/comments/ye0pcg/telegram_hot_stock_do_you_have/,2300,25%,0,0
/r/Shortsqueeze/comments/ydxuhr/eose_run_has_only_just_begun_bullish/,2400,25%,0,0
/r/Shortsqueeze/comments/yd2516/vlo_earnings_has_exceeded_forecast_again_now_we/,3500,43%,1,0
/r/Shortsqueeze/comments/ycjx3v/short_squeeze_might_be_in_get_in_now_on_avya/,2300,42%,1,0
/r/Shortsqueeze/comments/y9xkof/tops_still_on_reg_sho_threshold_list_its/,4400,25%,1,0
/r/Shortsqueeze/comments/y9ufjd/amps_a_nice_little_trade_setup/,2800,43%,0,0
/r/Shortsqueeze/comments/y9sod9/slb_with_another_earnings_beat/,2700,25%,0,0
/r/Shortsqueeze/comments/y7aseu/alrightcan_someone_tell_me_how_dwac_didnt_explode/,2900,38%,0,0
/r/Shortsqueeze/comments/y6pqjg/timing_the_market_daily_join_at_rmmshedge_to/,4700,25%,1,0
/r/Shortsqueeze/comments/y60q5z/abqq_little_brother_to_amc/,6100,40%,2,0
/r/Shortsqueeze/comments/y5p3b9/when_is_the_squeeze_squooze/,8100,41%,1,0
/r/Shortsqueeze/comments/y5gq8a/how_do_the_major_indices_go_monday_morning_poll/,7300,29%,1,0
/r/Shortsqueeze/comments/y40h6m/zvo_dissolution_vote_1025_30m_float_48_tutes_and/,2800,33%,1,0
/r/Shortsqueeze/comments/y3wnw5/ilag_is_moving_big_anyone_else_in_this/,5600,38%,2,0
/r/Shortsqueeze/comments/y3bz2z/for_all_who_asked_this_is_the_link_to_preorder/,2600,25%,2,0
/r/Shortsqueeze/comments/y2tn2y/ltry_is_heavily_naked_shorted_and_has_a_new_ceo/,4200,38%,0,0
/r/Shortsqueeze/comments/y2by26/bbby_making_some_big_moves_rn_looks_like_a_bit_of/,3200,44%,1,0
/r/Shortsqueeze/comments/y285ah/one_example_of_zack_morris_unreliability_claimed/,3100,40%,3,0
/r/Shortsqueeze/comments/y27nwb/ttoo_is_now_6_centshare_money_making_opportunity/,3200,25%,0,0
/r/Shortsqueeze/comments/y1r7un/gtii_hasnt_squeezed_yet_ctb_is_at_insane_1300/,N/A,N/A,N/A,0
/r/Shortsqueeze/comments/y1a7wh/eose_is_in_imminent_rocket_mode/,3100,36%,0,0
/r/Shortsqueeze/comments/y0suvn/lf_trading_partner_for_rs_uplists_spinoffs_slaves/,2700,25%,0,0
/r/Shortsqueeze/comments/y0j863/mpti_to_the_sky_let_me_know_your_thoughts/,2800,25%,0,0
/r/Shortsqueeze/comments/y0fn9k/tops_starting_to_squeeze/,4700,46%,2,0
/r/Shortsqueeze/comments/yopt8j/siga_to_25_agss_as_in_this_year_bill_gates_buyout/,1800,17%,0,0
/r/Shortsqueeze/comments/ymkq8v/hot_dgly_dog_what_a_possibility/,4200,38%,2,0
/r/Shortsqueeze/comments/ym1c7n/guess_i_have_to_keep_averaging_down_until_a_short/,1800,33%,0,0
/r/Shortsqueeze/comments/ylzspi/dgbi_up_10000_lets_goooooooo/,6700,44%,6,0
/r/Shortsqueeze/comments/yj9v06/amcs_ape_dividend_did_not_use_the_blockchain_here/,4100,36%,0,0
/r/Shortsqueeze/comments/yhnc45/i_am_still_seeing_some_posts_about_bbby_on_friday/,11600,48%,5,0
/r/Shortsqueeze/comments/yfj994/be_wary_of_users_spreading_fud_i_know_we_want/,5100,46%,0,0
/r/Shortsqueeze/comments/yf72oh/lase_it_up_a_laser_blasting_short_squeeze_is/,5200,29%,10,0
/r/Shortsqueeze/comments/yd8dfo/negg_is_once_again_in_big_decision_territory/,4300,42%,3,0
/r/Shortsqueeze/comments/yd5xp8/next_mullen_is_xela/,4200,42%,1,0
/r/Shortsqueeze/comments/ycv5mu/avctso_this_is_american_virtual_cloudcompany_yet/,4800,33%,0,0
/r/Shortsqueeze/comments/ycju6h/avya_is_good_here_to_enter_buy_hold/,2300,20%,0,0
/r/Shortsqueeze/comments/y9y27q/vlo_trading_at_44_below_fair_value_according_to/,2900,29%,3,0
/r/Shortsqueeze/comments/y8u8cu/hkd_bottom_diamond_pattern_on_the_daily_could_it/,5000,33%,0,0
/r/Shortsqueeze/comments/y8bomg/bynd_anyone_we_go_brrr_or_what/,2800,20%,0,0
/r/Shortsqueeze/comments/y4lxcs/zh_stock_could_it_be_ready_for_something/,4900,40%,1,0
/r/Shortsqueeze/comments/y34xp9/agfy_with_some_movement_hopefully_it_doesnt/,3300,33%,1,0
/r/Shortsqueeze/comments/y1ijqd/copytrading_your_favorite_trader/,2200,29%,0,0
/r/Shortsqueeze/comments/y1as5w/muln_to_the_moon_i_like_the_stock/,3500,41%,2,0
/r/Shortsqueeze/comments/y0sx4d/youd_better_sobr_up_a_lot_of_funding_in/,3400,29%,9,0
/r/Shortsqueeze/comments/y0okkj/crkn_57m_float_95_tutes_and_insiders_smart_glass/,2300,20%,1,0
/r/Shortsqueeze/comments/ylfs3y/its_time_to_buy_it_all_leave_them_nothing_low/,2100,29%,1,0
/r/Shortsqueeze/comments/ykmzit/join_ipoarmy_patreon_lets_goooo/,1900,25%,1,0
/r/Shortsqueeze/comments/yey889/what_do_you_guys_think_about_pumping_phas/,2300,14%,2,0
/r/Shortsqueeze/comments/yedo6j/afrm_17_short_interest_of_float_epic_squeeze/,2800,29%,1,0
/r/Shortsqueeze/comments/y877ng/eose_spiking_its_happening/,4500,30%,1,0
/r/Shortsqueeze/comments/y79vfq/avct_another_offering_but_still_remains_strong/,5300,33%,0,0
/r/Shortsqueeze/comments/y3f6jd/go_getem_gensleri_think_gary_is_an_ape_in_disguise/,3300,27%,0,0
/r/Shortsqueeze/comments/y3dlo0/check_out_nutx_its_moving_parabolic/,4600,33%,0,0
/r/Shortsqueeze/comments/y3akof/mmat_putsyou_still_have_a_lot_of_time_to_join_in/,4300,42%,1,0
/r/Shortsqueeze/comments/y28x92/llap_about_to_go_parabolic_its_in_the_loading/,2700,29%,0,0
/r/Shortsqueeze/comments/y25bjp/is_nobody_here_invested_in_pegy/,2000,25%,2,0
/r/Shortsqueeze/comments/y228ot/nerv_1_fintel_shortsqueeze_and_started_to_run/,2000,29%,0,0
/r/Shortsqueeze/comments/y1zhsu/hkd_up_16_pre_market_it_will_be_mad_at_opening/,10500,46%,2,0
/r/Shortsqueeze/comments/y1wror/mmtlp_not_one_person_who_pump_this_one_was/,6200,41%,2,0
/r/Shortsqueeze/comments/y1cb53/hkd_is_looking_like_its_about_to_go_supernova/,3300,36%,2,0
/r/Shortsqueeze/comments/y0qbr8/ebola_incoming_in_combination_with_covid_and/,2900,30%,1,0
/r/Shortsqueeze/comments/y02lw9/gtii_from_60_to892_target_hit_on_the_dot/,3100,14%,0,0
/r/Shortsqueeze/comments/yl81uy/gfai_acquisition_news_comingsmall_floathigh/,1300,14%,0,0
/r/Shortsqueeze/comments/yl7ztb/gfai_acquisition_news_comingsmall_floathigh/,1300,14%,0,0
/r/Shortsqueeze/comments/yk82jc/keep_an_eye_on_tanh_on_friday_reverse_split_and_a/,2100,13%,0,0
/r/Shortsqueeze/comments/yelo1u/you_all_should_be_ashamed_of_yourselves_for_not/,4600,33%,0,0
/r/Shortsqueeze/comments/y9aoox/a_stock_pick_for_the_turdminers/,4300,35%,0,0
/r/Shortsqueeze/comments/y973rl/shameless_webull_post_that_give_us_both_free/,1900,13%,0,0
/r/Shortsqueeze/comments/yeg9vo/dogecoin_exploding_ipoarmy_all_in/,2400,23%,0,0
/r/Shortsqueeze/comments/yohls8/next_play_after_mmat_and_mmtlp_die_off/,5600,20%,1,0
/r/Shortsqueeze/comments/y2d4b8/any_idea_why_aprn_is_a_banner_ticker_on/,5100,17%,2,0
/r/Shortsqueeze/comments/yl408i/why_are_we_not_talking_hood_huge_earnings_beat/,7800,22%,3,0
/r/Shortsqueeze/comments/yksli3/hello_from_ortex_we_are_here_to_engage_with/,6200,41%,3,0
/r/Shortsqueeze/comments/ybzaqm/lets_buy_partycity_stock_its_holiday_season_and/,3200,28%,2,0
/r/Shortsqueeze/comments/y8q9pf/if_democrats_go_and_republicans_come_the_whole/,3400,28%,1,0
